赛季,球员ID,球员,球队ID,出场,替补,出场总时长,运动战进球,点球,总进球数,射门,射正,被侵犯次数,最佳球员次数,评分
2015-2016,1631,皮克,84,30,0,2593,2,0,2,13,6,8,1,213.99
2015-2016,1634,C.罗纳尔多,82,36,0,3185,29,6,35,227,98,37,11,287.42
2015-2016,2065,鲁本,93,15,0,1350,0,0,0,0,0,0,0,96.67
2015-2016,2072,纳瓦罗,93,35,0,2961,0,0,0,1,0,37,0,238.7
2015-2016,2081,伊涅斯塔,84,28,3,2247,1,0,1,23,6,38,0,202.2
2015-2016,2150,华金,96,30,8,1962,1,0,1,27,6,40,1,206.13
2015-2016,2163,胡安弗兰,109,35,1,3030,1,0,1,7,3,17,1,246.44
2015-2016,2186,拉米斯,131,23,2,1795,0,0,0,9,1,12,0,154.26
2015-2016,2205,乌纳姆诺,131,34,0,3060,0,0,0,0,0,7,2,223.04
2015-2016,2244,F.加比,109,35,1,2917,1,0,1,17,3,41,5,254.11
2015-2016,2426,奎利亚尔,992,33,0,2970,0,0,0,0,0,8,1,214.36
2015-2016,2435,莫里内罗,98,20,5,1191,0,0,0,5,1,7,0,128.47
2015-2016,2464,德尔加多,137,15,0,1350,1,0,1,2,1,6,0,102.92
2015-2016,4821,博内拉,107,14,4,973,0,0,0,3,1,5,0,89.8
2015-2016,4834,威尔马伦,84,10,4,506,1,0,1,3,3,7,2,69.51
2015-2016,8061,阿杜里茨,92,34,4,2777,17,3,20,96,49,68,6,250.53
2015-2016,12839,马丁内兹,100,26,3,2058,0,0,0,4,1,31,0,176.47
2015-2016,13638,伊赖索斯,982,37,0,3330,0,0,0,0,0,2,0,246.55
2015-2016,13725,卢卡维纳,107,18,4,1346,0,0,0,2,0,5,1,118.75
2015-2016,17690,罗萨莱斯,102,35,0,3071,0,0,0,18,3,35,1,243.14
2015-2016,20197,马斯切拉诺,84,32,1,2702,0,0,0,3,1,21,1,225.54
2015-2016,22082,帕雷哈,86,2,1,122,0,0,0,0,0,4,0,13.33
2015-2016,23978,巴拉甘,96,24,5,1666,0,0,0,0,0,20,0,157.36
2015-2016,24060,托雷斯,109,30,13,1715,11,0,11,57,23,34,0,208.82
2015-2016,24067,梅西,84,33,2,2729,23,3,26,157,75,61,12,278.46
2015-2016,24079,埃斯库德罗,92,31,4,2385,7,0,7,76,20,78,2,223.86
2015-2016,24104,S.拉莫斯,82,23,0,1953,2,0,2,19,4,26,0,164.27
2015-2016,24106,塞尔吉奥,114,31,1,2725,0,0,0,0,0,1,0,201.85
2015-2016,24124,阿戈拉特,106,36,9,2379,2,1,3,19,9,54,1,242.47
2015-2016,24334,P.洛佩斯,103,17,1,1299,1,0,1,6,2,21,0,111.94
2015-2016,24366,本泽马,82,27,1,1995,24,0,24,98,52,21,4,207.49
2015-2016,24823,西奎埃拉,109,15,0,1188,0,0,0,6,1,14,0,102.67
2015-2016,24923,贝拉,106,35,3,2765,5,0,5,59,20,74,1,238.01
2015-2016,25358,莫德里奇,82,32,1,2629,2,0,2,34,10,44,6,235.35
2015-2016,25932,贝尔,82,23,2,1740,19,0,19,81,36,27,4,186.18
2015-2016,26019,菲利佩·路易斯,109,32,0,2880,1,0,1,9,2,31,2,243.13
2015-2016,26119,阿丹,96,36,0,3213,0,0,0,0,0,4,4,244.61
2015-2016,26120,托里斯,102,23,1,1958,0,0,0,1,0,6,0,157.02
2015-2016,26122,索里亚诺,107,31,3,2593,2,3,5,25,9,19,4,221.55
2015-2016,26124,贝尼亚特,92,36,4,2900,1,0,1,29,9,54,1,253.46
2015-2016,26290,埃尔扎尔,992,30,13,1706,2,0,2,28,13,32,0,195.58
2015-2016,26358,马塞洛,82,29,1,2473,2,0,2,19,4,34,2,216.98
2015-2016,26641,B.马基尔,98,20,5,1376,1,0,1,12,4,19,0,133.66
2015-2016,26777,L.苏亚雷斯,84,35,0,3150,37,3,40,138,71,59,9,280.07
2015-2016,26883,加梅罗,109,31,9,2084,12,4,16,72,40,18,2,212.92
2015-2016,26990,拉基蒂奇,84,36,6,2580,7,0,7,45,14,50,0,257.81
2015-2016,27083,克罗斯,82,32,0,2745,1,0,1,20,4,47,0,234.68
2015-2016,27157,格拉内罗,100,15,6,849,0,0,0,6,3,15,0,100.51
2015-2016,27159,G.卡斯特罗,102,23,7,1399,1,0,1,21,8,23,1,157.11
2015-2016,27162,莱昂,131,30,7,1850,2,0,2,46,10,32,1,199.97
2015-2016,27283,苏塞塔,92,28,6,1921,3,0,3,25,10,30,0,195.08
2015-2016,27287,艾泰美,991,31,1,2711,0,0,0,9,2,12,2,216.77
2015-2016,27651,巴内加,86,25,5,1736,4,1,5,38,18,44,4,179.64
2015-2016,28061,卡路士马天尼斯,106,10,4,536,0,0,0,3,0,6,1,68.09
2015-2016,28065,阿吉雷切,106,16,2,1174,13,0,13,46,22,22,2,113.44
2015-2016,28538,加西亚,991,19,1,1610,2,0,2,8,4,15,1,135.02
2015-2016,28686,巴利祖,91,33,3,2734,6,2,8,46,20,79,3,236.13
2015-2016,28717,阿森霍,107,4,0,360,0,0,0,0,0,1,0,27.23
2015-2016,28801,桑切斯,100,29,1,2345,1,0,1,24,8,35,3,197.04
2015-2016,28803,布茨克斯,84,35,1,2907,0,0,0,6,2,66,1,254
2015-2016,28823,伊图拉斯佩,92,16,9,697,0,0,0,3,1,6,1,106.26
2015-2016,28881,A.干沙里斯,102,32,6,2255,5,0,5,42,17,19,1,209.64
2015-2016,28979,皮亚蒂,100,21,12,814,0,0,0,11,4,38,0,133.52
2015-2016,29027,凯科,102,29,2,2339,3,0,3,35,13,58,1,201.5
2015-2016,29033,巴伦齐亚加,92,34,1,2906,0,0,0,8,0,24,1,234.64
2015-2016,29034,阿德里安·洛佩斯,93,16,6,791,4,0,4,8,6,8,0,106.24
2015-2016,29044,瓜伊塔,98,38,0,3420,0,0,0,0,0,2,0,252.35
2015-2016,30366,阿尔巴,84,31,2,2591,0,0,0,7,2,17,0,218.4
2015-2016,30367,P.迪奥普,100,30,1,2496,3,0,3,22,8,53,1,207.01
2015-2016,30417,W.梅巴拉克,137,19,9,923,1,0,1,19,6,29,0,123.7
2015-2016,30477,莫莫,991,23,8,1385,0,0,0,15,5,32,0,156.39
2015-2016,30828,卡拉,98,22,1,1910,1,0,1,5,1,22,1,148.92
2015-2016,30830,贝尔纳多,982,16,0,1389,1,0,1,14,6,9,1,113.74
2015-2016,30833,迪拉比尔拿,106,15,1,1248,0,0,0,4,0,15,1,103.74
2015-2016,31317,恩松齐,86,28,6,1868,3,0,3,19,9,14,2,192.69
2015-2016,31797,费尔南德斯,107,37,0,3330,0,0,0,0,0,8,2,241.38
2015-2016,31866,M.柯古斯圖,109,28,2,2208,1,0,1,13,4,25,0,195.09
2015-2016,34695,图兰,84,18,9,814,2,0,2,11,4,15,0,120.82
2015-2016,35563,卡里索,86,14,3,1049,1,0,1,7,3,6,0,94.71
2015-2016,36798,纳瓦斯,82,34,0,3060,0,0,0,0,0,5,0,241.83
2015-2016,40851,科隆.德里,86,27,11,1657,1,0,1,25,3,16,1,181.17
2015-2016,40861,沃斯,114,36,5,2703,2,0,2,50,12,40,2,246.4
2015-2016,48835,卡纳莱斯,106,16,5,902,0,0,0,24,5,14,0,101.07
2015-2016,49459,干贵士,131,26,8,1625,3,0,3,35,10,17,2,170.62
2015-2016,50550,奥雷利亚纳,91,33,0,2936,6,1,7,77,24,91,2,234.44
2015-2016,58193,胡安.卡洛斯,102,19,5,1271,1,0,1,15,5,20,1,127.75
2015-2016,60320,博维达,92,23,8,1462,0,0,0,5,0,9,2,157.51
2015-2016,62151,博格斯,93,24,3,1935,3,0,3,21,8,15,1,163.96
2015-2016,62348,佩雷斯,992,31,1,2485,0,0,0,17,3,32,1,212.21
2015-2016,62490,戈丁,109,31,0,2676,1,0,1,26,6,29,4,232.87
2015-2016,62546,莫利纳,98,23,13,951,1,0,1,14,6,23,0,143.56
2015-2016,65712,阿布杜,98,17,9,971,0,0,0,8,1,7,0,114.68
2015-2016,66812,穆尼亚因,92,20,7,1020,2,0,2,22,8,37,0,133.26
2015-2016,66817,拉肯,98,31,0,2664,0,0,0,14,0,33,0,206.8
2015-2016,66841,丰塔斯,114,7,1,541,1,0,1,2,1,2,0,48.21
2015-2016,67413,特尔施特根,84,7,1,542,0,0,0,0,0,0,0,45.39
2015-2016,67427,科克,109,35,1,2972,5,0,5,43,12,51,3,261.68
2015-2016,67909,西德内,93,33,0,2897,0,0,0,6,0,20,1,230.65
2015-2016,67937,圣何塞,92,34,4,2761,2,0,2,26,6,22,2,239.87
2015-2016,67959,鲁伊斯,107,35,3,2988,0,0,0,4,1,13,1,241.01
2015-2016,68640,贝奥夫,992,10,4,506,1,0,1,11,4,6,0,63.79
2015-2016,70105,J.盧比斯,100,30,2,2414,0,0,0,3,1,31,1,203.75
2015-2016,70222,普拉达,93,37,0,3288,0,0,0,28,4,44,0,254
2015-2016,74608,卡巴拉,114,31,0,2758,0,0,0,7,2,20,0,217.76
2015-2016,75433,阿斯帕斯,114,35,4,2667,13,1,14,80,33,36,6,244.56
2015-2016,75438,奥特里诺,131,9,0,810,0,0,0,0,0,2,0,56.24
2015-2016,75500,阿尔卡塞尔,84,34,9,2420,11,2,13,61,27,16,1,229.48
2015-2016,77226,托马斯,102,36,7,2574,14,3,17,93,42,30,1,244.42
2015-2016,77906,威廉.达席尔瓦,106,30,11,1725,9,0,9,54,23,26,0,200.43
2015-2016,78168,巴卡姆布,107,34,13,1860,12,0,12,48,27,30,3,223.43
2015-2016,78255,佩雷斯,100,32,5,2466,7,0,7,48,18,55,2,219.92
2015-2016,78262,马里奥,107,33,1,2874,2,0,2,33,7,12,0,228.64
2015-2016,78266,比比,131,34,7,2245,3,0,3,79,21,22,0,233.61
2015-2016,78367,埃斯库德罗,86,15,2,1172,1,0,1,12,5,22,1,103.55
2015-2016,78414,索郎姆杜萨,106,15,1,1129,1,0,1,18,7,34,0,107.36
2015-2016,78416,格列兹曼,109,38,2,3057,21,1,22,93,44,36,6,284.5
2015-2016,78434,皮纳,137,26,7,1632,0,0,0,7,2,25,0,175.04
2015-2016,78474,萨维奇,109,12,2,925,0,0,0,2,0,4,0,83.74
2015-2016,78731,罗德里戈,91,25,10,1367,2,0,2,37,16,24,0,165.34
2015-2016,78755,诺利托,86,29,2,2473,11,1,12,81,33,60,5,214.28
2015-2016,78841,伊拜·戈麦斯,137,5,4,115,0,0,0,2,0,0,0,30.29
2015-2016,78906,伊斯科,82,31,10,1832,3,0,3,40,12,39,0,219.16
2015-2016,78918,伊利亚拉门迪,106,33,1,2847,1,0,1,23,7,59,2,239.37
2015-2016,79088,圭德蒂,114,35,23,1233,6,1,7,32,18,26,0,222.64
2015-2016,79115,瓦拉内,82,26,3,2187,0,0,0,12,2,9,0,179.17
2015-2016,79276,科瓦西奇,82,25,17,1048,0,0,0,10,3,14,0,162.15
2015-2016,80292,阿尔瓦罗,107,36,0,3227,0,0,0,14,5,41,0,240.33
2015-2016,80737,纳乔,82,16,4,1153,0,0,0,5,2,14,0,111.73
2015-2016,82014,S.罗伯托,84,31,10,1912,0,0,0,16,3,22,1,214.65
2015-2016,82028,奥耶尔,103,3,1,227,0,0,0,0,0,1,0,18.15
2015-2016,82787,P·埃尔南德斯,114,20,4,1411,1,0,1,13,3,58,1,138.25
2015-2016,83553,达米安,98,31,1,2664,0,0,0,10,1,35,0,205.06
2015-2016,84488,杜阿尔特,100,14,1,1195,1,0,1,8,3,2,0,94.87
2015-2016,84545,普朗纳斯,982,24,6,1677,0,0,0,3,1,12,0,154.85
2015-2016,84547,蒙托亚,91,13,0,1167,0,0,0,1,0,22,1,91.58
2015-2016,84832,萨拉比亚,86,31,1,2535,7,0,7,61,32,59,3,220.38
2015-2016,87683,法尔,98,38,7,2842,5,0,5,45,19,34,1,258.93
2015-2016,87914,卢纳,103,15,3,1004,0,0,0,2,1,7,0,98.21
2015-2016,87960,F.卡斯特罗,131,28,13,1445,2,0,2,16,5,20,0,182.89
2015-2016,88524,卡西利亚,82,4,0,360,0,0,0,0,0,0,0,28.01
2015-2016,89577,路易辛霍,93,20,9,1113,0,0,0,8,1,32,0,130.74
2015-2016,89714,埃切塔,92,30,2,2485,0,0,0,10,1,5,0,205.63
2015-2016,89761,帕尔多,106,28,9,1786,0,0,0,34,7,8,1,191.28
2015-2016,89780,伊尼戈,106,30,0,2700,1,0,1,16,4,26,1,208.22
2015-2016,89797,查尔斯,131,35,2,3007,11,1,12,83,42,44,5,245.65
2015-2016,89818,米克尔.里科,92,17,9,696,1,0,1,13,5,8,0,110.7
2015-2016,89854,D.占美尼斯,96,3,1,207,0,0,0,0,0,0,0,18.88
2015-2016,89856,加里多,93,31,0,2759,2,0,2,11,4,31,2,212.57
2015-2016,89857,R.迪圖,992,29,0,2564,1,0,1,12,1,36,1,195.6
2015-2016,90277,韦拉,991,36,0,3121,6,4,10,85,36,84,5,258.11
2015-2016,90339,拉菲尼亚,84,6,3,281,1,0,1,2,2,5,0,40.41
2015-2016,90426,切里舍夫,107,9,3,515,3,0,3,13,4,12,0,62.37
2015-2016,90528,高美斯,114,21,2,1715,0,0,0,2,0,3,1,142.81
2015-2016,90559,霍尔达,107,18,1,1538,1,0,1,4,2,19,2,126.91
2015-2016,90684,塞尔吉,131,23,7,1521,6,0,6,26,12,30,2,156.64
2015-2016,90690,比达尔,84,9,3,543,0,0,0,1,0,4,0,60.89
2015-2016,90834,A.瓦斯克斯,100,34,10,1991,4,1,5,47,17,31,2,216.88
2015-2016,91156,勒内,131,31,6,2335,0,0,0,9,1,33,0,207.1
2015-2016,91759,卡塞米罗,82,23,6,1527,1,0,1,20,3,36,1,167.55
2015-2016,92369,马洛,114,33,0,2943,1,0,1,8,4,15,1,231.16
2015-2016,92396,J.戈麦斯,991,21,5,1461,1,0,1,7,3,41,1,142.01
2015-2016,92455,阿尔比拉,131,7,0,630,0,0,0,7,2,7,0,48.93
2015-2016,94832,D.苏亚雷斯,84,33,8,2371,4,0,4,37,17,41,4,228.84
2015-2016,95054,维托洛,991,28,5,2082,2,0,2,25,12,56,0,191.25
2015-2016,95378,巴尔博萨,107,2,0,180,0,0,0,0,0,0,0,11.96
2015-2016,96073,R.马尔蒂,103,16,9,647,0,0,0,22,10,9,0,98.89
2015-2016,96219,德尔佩斯,103,13,3,957,0,0,0,6,0,6,0,86.27
2015-2016,96536,特里格罗斯,107,31,7,2118,2,0,2,28,7,21,1,206.6
2015-2016,97209,萨乌尔,109,31,5,2349,4,0,4,46,16,26,3,228.48
2015-2016,99591,奥布拉克,109,38,0,3420,0,0,0,0,0,3,1,258.98
2015-2016,100640,布埃桑,92,2,1,174,0,0,0,0,0,0,0,11.58
2015-2016,101261,卡瓦哈尔,82,22,3,1638,0,0,0,8,0,28,0,158.87
2015-2016,101428,Z.费迪拿,96,28,0,2520,1,0,1,13,3,12,1,190.42
2015-2016,102298,波尔蒂略,98,18,7,986,0,0,0,5,0,11,0,113.84
2015-2016,102405,雷西奥,102,33,1,2750,0,0,0,37,13,37,0,227.64
2015-2016,102835,鲁本.杜阿尔特,137,22,1,1864,0,0,0,11,2,20,0,146.32
2015-2016,103005,莱昂纳多,100,20,13,862,1,0,1,20,6,31,0,127.09
2015-2016,103121,胡安弗兰,93,34,5,2592,1,0,1,19,2,26,2,230.97
2015-2016,103410,卡拉斯科,109,29,13,1498,4,0,4,54,17,24,1,200.83
2015-2016,103608,比耶托,109,19,7,964,1,0,1,25,6,22,0,123.07
2015-2016,103673,奥托,114,36,2,3002,1,0,1,14,4,21,2,243.94
2015-2016,103738,M.古里路,992,23,10,1090,2,0,2,23,9,12,0,148.2
2015-2016,103845,多斯桑托斯,992,30,1,2592,0,0,0,13,6,15,0,202.61
2015-2016,104034,卡斯特拉诺,991,1,0,90,0,0,0,1,0,3,0,6.96
2015-2016,104035,卡斯特拉诺,991,27,2,2247,0,0,0,8,2,44,0,189.61
2015-2016,104037,埃尔南,991,18,7,927,1,0,1,9,4,15,1,117.85
2015-2016,104042,利佐安,991,8,1,707,0,0,0,0,0,2,0,57.09
2015-2016,104055,卢卡斯,82,24,14,1227,4,0,4,23,13,35,0,173.49
2015-2016,105141,斯科尔斯拉多亚,114,30,15,1450,0,0,0,5,1,16,0,194.78
2015-2016,105402,加亚,91,20,5,1445,0,0,0,2,1,17,0,134.25
2015-2016,105750,戈麦斯,84,30,3,2389,3,0,3,37,14,40,0,189.69
2015-2016,107726,哈里洛维奇,991,36,12,2347,3,0,3,58,15,46,1,239.89
2015-2016,109244,拉波尔特,92,26,1,2255,3,0,3,19,6,26,1,179.66
2015-2016,110043,巴拉古尔诺,100,32,13,1917,6,1,7,48,20,21,1,206.44
2015-2016,110071,塞尔吉奥,86,34,0,3060,0,0,0,0,0,5,1,232.49
2015-2016,110296,S.米拿,91,25,8,1520,4,0,4,20,10,47,0,162.59
2015-2016,110479,扎卡里亚,93,15,11,533,1,0,1,12,2,20,0,98.67
2015-2016,111527,布兰科,114,8,0,716,0,0,0,0,0,2,0,49.73
2015-2016,111847,格斯特,92,3,1,186,0,0,0,4,1,2,0,20.22
2015-2016,112357,鲁本.维佐,91,14,4,1082,0,0,0,3,0,8,0,98.58
2015-2016,112363,A.科雷亚,109,25,17,920,5,0,5,30,13,18,1,165.87
2015-2016,114953,F.卡塔比亚,93,26,11,1355,3,0,3,51,18,53,2,179.52
2015-2016,114983,罗伯特,91,18,11,693,0,0,0,10,2,24,0,111.65
2015-2016,115066,卡帕,131,36,2,3120,2,0,2,16,5,30,2,250.84
2015-2016,115206,桑纳比亚,96,29,2,2271,10,1,11,51,19,35,3,195.2
2015-2016,115224,吉梅内斯,109,27,0,2430,1,0,1,12,4,10,1,193.85
2015-2016,115410,佩雷斯,93,36,1,3141,16,1,17,100,50,48,2,255.35
2015-2016,115411,S.桑切斯,103,16,9,759,2,0,2,10,3,12,0,104.23
2015-2016,115412,S.丹格,100,1,0,85,0,0,0,3,1,1,0,6.89
2015-2016,115498,J.桑切斯,114,27,3,2063,10,0,10,47,23,22,1,181.41
2015-2016,115915,比加斯,991,27,1,2353,3,0,3,14,5,23,2,194.74
2015-2016,116001,L.靴南迪斯,102,36,0,3240,0,0,0,9,3,18,0,246.13
2015-2016,116147,鲁尔艾宾图萨,93,29,2,2553,2,0,2,16,7,12,2,201.29
2015-2016,116152,摩拉里斯,103,35,4,2676,7,0,7,71,24,37,4,241.47
2015-2016,116208,B.卡布雷拉,98,32,0,2807,0,0,0,17,4,16,0,225.21
2015-2016,116557,利奥斯,106,33,0,2925,2,0,2,14,6,33,0,228.42
2015-2016,116572,蒙塔纳,991,1,1,29,0,0,0,0,0,0,0,6.49
2015-2016,117764,多梅内克桑切斯,91,17,0,1530,0,0,0,0,0,5,1,120.73
2015-2016,117850,卢卡斯.埃尔南德斯,109,10,2,834,0,0,0,0,0,11,0,70.6
2015-2016,118871,卡马拉沙,96,33,12,2118,2,0,2,28,8,26,0,212.75
2015-2016,119080,德马科斯,92,34,1,2886,1,0,1,13,4,19,1,237.73
2015-2016,119133,雷拉,96,20,9,999,0,0,0,10,3,15,0,129.04
2015-2016,119159,F.瑞卡,102,8,1,641,1,0,1,2,1,7,1,57.06
2015-2016,119231,萨尔杜亚,992,12,2,916,0,0,0,2,0,21,1,82.67
2015-2016,119326,卡洛斯,137,14,0,1225,1,0,1,4,3,7,0,90.27
2015-2016,119357,杰弗森里尔玛,103,32,1,2685,1,0,1,36,3,27,0,214.85
2015-2016,119535,彭拿兰达,102,23,2,1678,5,0,5,22,8,37,0,152.81
2015-2016,119973,阿森西奥,82,34,1,2842,4,0,4,60,22,57,4,238.63
2015-2016,120714,保罗·洛佩斯,100,36,1,3194,0,0,0,0,0,7,1,232.19
2015-2016,121118,哈达迪,84,15,7,835,3,0,3,17,6,12,0,101.26
2015-2016,121854,梅内德斯,102,36,3,2874,5,0,5,55,20,55,2,245.41
2015-2016,122038,梅德兰,137,20,4,1487,2,0,2,30,12,23,0,130.27
2015-2016,123884,塞巴洛斯,82,33,11,2130,0,0,0,16,3,75,1,220.98
2015-2016,124016,G.鲁利,106,36,0,3240,0,0,0,0,0,5,3,239.77
2015-2016,124247,D.卡利路,131,35,0,3057,0,0,0,21,5,44,0,238.21
2015-2016,124363,A.东尼奥,103,27,1,2387,0,0,0,12,4,40,0,182.66
2015-2016,124449,卡斯蒂里奥,107,28,9,1696,1,0,1,24,6,44,1,185.96
2015-2016,124473,托马斯·帕尔特伊,109,11,8,388,2,0,2,7,2,6,0,73.43
2015-2016,124476,莫雷诺,131,9,4,623,1,0,1,9,4,3,0,60.84
2015-2016,124609,阿哥斯塔,102,28,10,1619,4,0,4,32,11,47,1,185.05
2015-2016,124863,格拉德.甘保,992,2,2,42,0,0,0,0,0,0,0,12.35
2015-2016,125072,高美思,107,11,1,925,0,0,0,1,1,4,0,78.77
2015-2016,127155,G.埃斯卡兰特,131,34,2,2829,4,0,4,23,5,29,2,237.2
2015-2016,128540,艾路斯度,106,31,1,2600,1,0,1,16,5,25,0,215.43
2015-2016,128575,哈维尔.埃拉索,992,16,8,778,2,0,2,12,5,15,0,99.29
2015-2016,128673,I.威廉士,92,25,4,1639,8,0,8,41,15,40,2,169.94
2015-2016,129086,大卫.西蒙,991,18,3,1451,1,0,1,10,5,17,0,122.98
2015-2016,131791,阿方索,137,2,0,107,0,0,0,1,1,1,0,12.96
2015-2016,131846,马约拉尔,82,6,3,283,0,0,0,3,0,3,0,38.22
2015-2016,132802,塔纳,991,27,1,2129,5,0,5,31,16,53,1,182.13
2015-2016,135238,伊尼戈,92,19,7,1156,1,0,1,11,4,7,1,130.72
2015-2016,135239,萨宾.梅里诺,92,22,9,1130,5,0,5,26,15,8,2,144.19
2015-2016,137380,布尔吉,137,22,14,901,1,0,1,29,11,20,0,145.11
2015-2016,138465,巴勃罗,107,27,15,1286,1,0,1,22,5,15,0,174.03
2015-2016,138486,B.埃尼戈,131,2,2,3,0,0,0,0,0,0,0,12.22
2015-2016,138885,米克尔奥耶查,106,22,6,1500,6,0,6,30,10,33,1,136.38
2015-2016,139294,J.奧迪維羅斯,102,4,4,56,0,0,0,1,1,1,0,24.31
2015-2016,139748,苏亚雷斯罗伯托,103,2,2,50,0,0,0,1,1,0,0,12.06
2015-2016,139935,菲比安,96,4,2,166,0,0,0,1,1,1,0,25.82
2015-2016,140325,L.毛里西奥,991,8,0,697,0,0,0,4,2,0,0,54.8
2015-2016,141298,乔恩·包蒂斯塔,106,3,2,116,1,0,1,4,2,3,0,19.6
2015-2016,142848,伊戈尔·祖比迪亚,106,1,1,6,0,0,0,0,0,0,0,6.08
2015-2016,143534,雷斯波朗科,102,2,1,107,1,0,1,2,2,1,0,13.22
赛季,球员ID,球员,球队ID,出场,替补,出场总时长,运动战进球,点球,总进球数,射门,射正,被侵犯次数,最佳球员次数,评分
2016-2017,1631,皮克,84,25,0,2193,2,0,2,19,6,8,0,179.33
2016-2017,1634,C.罗纳尔多,82,29,0,2544,19,6,25,162,61,44,4,221.01
2016-2017,2053,D.莫雷诺,100,36,0,3240,3,0,3,16,9,32,1,254.76
2016-2017,2072,纳瓦罗,93,25,3,2050,0,0,0,4,0,25,0,168.36
2016-2017,2081,伊涅斯塔,84,24,11,1355,0,0,0,19,8,26,1,165.52
2016-2017,2150,华金,96,28,9,1678,3,0,3,26,9,29,1,188.12
2016-2017,2162,D.洛佩斯,100,35,0,3113,0,0,0,0,0,5,3,235.77
2016-2017,2163,胡安弗兰,109,23,2,1978,0,0,0,2,1,15,0,158.94
2016-2017,2183,莫亚,109,9,1,769,0,0,0,0,0,3,1,62.23
2016-2017,2186,拉米斯,131,22,2,1721,3,0,3,9,6,22,2,155.43
2016-2017,2205,乌纳姆诺,131,16,0,1376,0,0,0,0,0,3,0,98.04
2016-2017,2244,F.加比,109,34,1,2897,0,0,0,25,5,36,1,242.71
2016-2017,2426,奎利亚尔,992,36,0,3240,0,0,0,0,0,9,3,239.61
2016-2017,2464,德尔加多,137,23,4,1815,2,0,2,7,2,8,0,148.5
2016-2017,4821,博内拉,107,6,0,540,0,0,0,0,0,7,0,40.24
2016-2017,8061,阿杜里茨,92,32,5,2477,11,5,16,85,45,58,5,227.92
2016-2017,12839,马丁内兹,100,31,2,2566,1,0,1,8,3,24,0,206.56
2016-2017,13638,伊赖索斯,982,16,1,1404,0,0,0,0,0,3,0,105.63
2016-2017,13725,卢卡维纳,107,4,1,271,0,0,0,1,0,0,0,26.02
2016-2017,17667,马塞罗·加莱,91,27,0,2341,4,0,4,11,6,12,1,184.84
2016-2017,17690,罗萨莱斯,102,32,0,2880,1,0,1,19,5,15,0,222.24
2016-2017,20197,马斯切拉诺,84,27,6,2025,0,1,1,11,2,17,0,182.71
2016-2017,22082,帕雷哈,86,27,0,2256,1,0,1,9,3,13,1,183.54
2016-2017,24060,托雷斯,109,31,18,1418,7,1,8,45,20,27,1,206.68
2016-2017,24067,梅西,84,34,2,2832,31,6,37,179,65,65,13,286.08
2016-2017,24079,埃斯库德罗,92,36,2,2884,7,3,10,96,39,81,4,258.16
2016-2017,24104,S.拉莫斯,82,28,0,2502,7,0,7,35,10,37,1,198.94
2016-2017,24106,塞尔吉奥,114,26,0,2340,0,0,0,0,0,3,0,169.36
2016-2017,24124,阿戈拉特,106,38,6,2822,7,1,8,35,11,47,2,262.55
2016-2017,24366,本泽马,82,29,6,1914,11,0,11,69,34,9,2,205.46
2016-2017,24823,西奎埃拉,109,10,3,543,0,0,0,0,0,4,0,63.07
2016-2017,24893,胡拉多,100,31,4,2459,3,0,3,35,12,47,0,210.32
2016-2017,24923,贝拉,106,35,4,2562,7,2,9,63,20,70,4,247.27
2016-2017,25358,莫德里奇,82,25,3,1892,1,0,1,20,10,31,2,180.69
2016-2017,25932,贝尔,82,19,2,1468,7,0,7,64,18,14,3,141.46
2016-2017,26019,菲利佩·路易斯,109,34,0,3009,3,0,3,25,10,46,6,257.6
2016-2017,26119,阿丹,96,37,0,3330,0,0,0,0,0,3,1,250.42
2016-2017,26120,托里斯,102,22,4,1565,0,0,0,4,2,4,0,143.15
2016-2017,26122,索里亚诺,107,34,1,2984,2,3,5,17,9,24,1,245.05
2016-2017,26124,贝尼亚特,92,32,4,2413,1,0,1,35,11,26,2,223.74
2016-2017,26290,埃尔扎尔,992,26,8,1671,4,0,4,31,18,30,1,172.76
2016-2017,26358,马塞洛,82,30,4,2277,2,0,2,25,4,27,3,215.81
2016-2017,26641,B.马基尔,98,6,3,286,0,0,0,0,0,9,0,37.29
2016-2017,26777,L.苏亚雷斯,84,35,1,2865,28,0,28,120,49,35,5,271.59
2016-2017,26841,库兹马诺维奇,102,4,1,216,0,0,0,4,0,3,0,25.23
2016-2017,26883,加梅罗,109,31,10,1716,11,1,12,50,23,8,2,211.09
2016-2017,26990,拉基蒂奇,84,32,6,2344,8,0,8,48,16,38,1,229.7
2016-2017,27083,克罗斯,82,29,1,2501,3,0,3,33,11,31,4,222.66
2016-2017,27157,格拉内罗,100,17,9,714,0,0,0,10,1,8,1,110.43
2016-2017,27159,G.卡斯特罗,102,30,8,1851,1,0,1,31,13,25,0,199.26
2016-2017,27162,莱昂,131,37,3,3010,9,1,10,85,38,33,7,263.67
2016-2017,27283,苏塞塔,92,26,15,1103,1,0,1,16,4,35,1,174.04
2016-2017,27287,艾泰美,991,11,3,849,0,0,0,5,2,3,0,68.03
2016-2017,28061,卡路士马天尼斯,106,10,0,870,0,0,0,1,0,5,0,71.95
2016-2017,28538,加西亚,991,22,5,1644,1,0,1,10,3,16,0,146.6
2016-2017,28686,巴利祖,91,36,0,3195,2,3,5,50,22,79,3,257.36
2016-2017,28717,阿森霍,107,24,0,2105,0,0,0,0,0,5,1,165.66
2016-2017,28801,桑切斯,100,26,1,2281,1,0,1,10,2,23,1,183.11
2016-2017,28803,布茨克斯,84,33,0,2693,0,0,0,4,0,31,0,230.91
2016-2017,28823,伊图拉斯佩,92,24,12,1151,0,0,0,4,1,12,0,154.94
2016-2017,28881,A.干沙里斯,102,27,8,1535,2,5,7,43,20,22,0,178.57
2016-2017,28979,皮亚蒂,100,30,0,2351,9,1,10,40,18,62,2,211.16
2016-2017,29027,凯科,102,21,9,993,0,0,0,16,4,31,1,136.43
2016-2017,29033,巴伦齐亚加,92,33,0,2905,1,0,1,10,1,25,1,222.37
2016-2017,29034,阿德里安·洛佩斯,93,15,8,675,2,0,2,10,4,7,0,97.77
2016-2017,29271,泰顿,93,13,1,1124,0,0,0,0,0,2,0,85.53
2016-2017,30366,阿尔巴,84,26,5,1965,1,0,1,6,0,13,0,179.14
2016-2017,30367,P.迪奥普,100,18,9,898,0,0,0,4,0,11,0,114.41
2016-2017,30417,W.梅巴拉克,137,11,1,869,1,0,1,17,5,19,0,73.73
2016-2017,30477,莫莫,991,23,11,1242,2,1,3,12,5,30,0,151.7
2016-2017,30635,J.奥马,992,15,4,974,0,0,0,14,1,9,0,100.17
2016-2017,31317,恩松齐,86,35,1,3066,2,0,2,32,12,31,1,249.63
2016-2017,31797,费尔南德斯,107,15,1,1315,0,0,0,0,0,3,1,103.59
2016-2017,31866,M.柯古斯圖,109,3,1,142,0,0,0,0,0,4,0,20.61
2016-2017,34695,图兰,84,18,4,1244,3,0,3,14,4,18,0,128.33
2016-2017,35563,卡里索,86,6,0,454,0,0,0,0,0,1,0,38.3
2016-2017,36798,纳瓦斯,82,27,0,2430,0,0,0,0,0,4,1,184.09
2016-2017,39418,安赫尔,131,3,0,270,0,0,0,1,0,1,1,22.86
2016-2017,40851,科隆.德里,86,2,0,172,0,0,0,3,0,0,0,13.33
2016-2017,40861,沃斯,114,32,3,2394,3,0,3,41,13,42,0,217.91
2016-2017,48835,卡纳莱斯,106,30,23,991,0,0,0,19,5,6,1,193.6
2016-2017,49459,干贵士,131,28,2,2087,3,0,3,44,20,42,0,190.82
2016-2017,50550,奥雷利亚纳,91,23,4,1667,3,0,3,26,12,24,2,154.66
2016-2017,56882,米切尔,991,25,1,2086,0,0,0,10,0,31,0,162.75
2016-2017,58186,大衛.索里亞,86,1,0,90,0,0,0,0,0,0,0,7.01
2016-2017,58193,胡安.卡洛斯,102,28,5,2064,2,0,2,15,7,40,0,192.35
2016-2017,59451,扎扎,91,20,5,1376,6,0,6,60,17,13,0,134.82
2016-2017,60320,博维达,92,19,1,1559,0,0,0,2,0,12,0,131.74
2016-2017,62151,博格斯,93,34,4,2723,4,2,6,41,10,29,2,238.55
2016-2017,62348,佩雷斯,992,30,4,2335,0,0,0,19,4,42,2,205.67
2016-2017,62490,戈丁,109,31,1,2706,3,0,3,29,7,32,2,224.02
2016-2017,65481,索里亚诺,107,33,2,2489,9,0,9,39,21,46,3,230.48
2016-2017,66806,拉瓜迪亚,137,26,2,2149,2,0,2,10,3,13,0,179.49
2016-2017,66812,穆尼亚因,92,35,7,2414,7,0,7,41,18,83,4,244
2016-2017,66823,罗伯托,102,4,1,307,0,0,0,0,0,0,0,25.43
2016-2017,66841,丰塔斯,114,17,0,1509,1,0,1,3,1,5,0,113.82
2016-2017,67413,特尔施特根,84,36,0,3240,0,0,0,0,0,4,0,247.08
2016-2017,67427,科克,109,36,0,3184,4,0,4,27,10,56,1,258.3
2016-2017,67909,西德内,93,29,0,2491,1,0,1,13,1,12,0,194.01
2016-2017,67937,圣何塞,92,35,5,2744,4,0,4,27,10,16,0,238.78
2016-2017,67959,鲁伊斯,107,28,1,2454,1,0,1,6,1,9,0,192.1
2016-2017,68640,贝奥夫,992,13,8,652,1,0,1,19,4,18,1,84.32
2016-2017,68880,索華斯,992,16,0,1393,1,0,1,9,3,7,0,112.12
2016-2017,70105,J.盧比斯,100,19,2,1524,0,0,0,1,0,20,1,126.47
2016-2017,70113,詹米,106,34,15,1865,11,0,11,48,16,20,0,216.31
2016-2017,70222,普拉达,93,21,4,1557,3,0,3,10,4,14,1,144.84
2016-2017,70306,科拉克,93,32,3,2476,3,0,3,42,13,66,1,219.9
2016-2017,70311,劳尔-加西亚,992,18,3,1357,0,0,0,3,0,9,0,104.78
2016-2017,71969,D.羅傑斯,137,16,2,1171,0,0,0,6,0,10,0,106.93
2016-2017,72044,R.庫基亞,96,18,4,1278,2,0,2,7,5,10,1,117.26
2016-2017,74079,盖坦,109,23,12,1023,3,0,3,10,6,27,0,156.4
2016-2017,74187,G·默卡多,86,29,3,2188,3,0,3,13,6,16,1,187.56
2016-2017,74345,内雷奥.尚帕格尼,992,4,0,360,0,0,0,0,0,0,0,26.11
2016-2017,74608,卡巴拉,114,25,0,2179,2,0,2,19,6,15,2,170.04
2016-2017,74830,巴斯克斯,86,30,4,2092,7,0,7,53,20,73,2,210.04
2016-2017,75406,劳尔.纳瓦斯,106,32,1,2801,1,0,1,25,5,11,0,219.75
2016-2017,75433,阿斯帕斯,114,32,7,2346,15,4,19,78,26,52,6,227.27
2016-2017,75438,奥特里诺,131,25,3,2162,0,0,0,0,0,1,1,168.32
2016-2017,75500,阿尔卡塞尔,84,21,14,938,6,0,6,27,16,7,1,141.2
2016-2017,77906,威廉.达席尔瓦,106,28,1,2079,9,3,12,69,21,35,2,193.88
2016-2017,78082,西莱森,84,2,0,180,0,0,0,0,0,0,0,12.12
2016-2017,78168,巴卡姆布,107,26,9,1570,11,0,11,48,25,28,2,177.27
2016-2017,78255,佩雷斯,100,32,12,1794,3,0,3,27,7,28,0,211.25
2016-2017,78262,马里奥,107,36,0,3240,0,0,0,32,11,16,1,254.37
2016-2017,78266,比比,131,18,10,683,3,0,3,22,9,5,1,116.44
2016-2017,78351,B.耶德威萨姆,86,31,11,1669,10,1,11,44,23,12,2,202.58
2016-2017,78367,埃斯库德罗,86,26,1,2281,0,0,0,33,11,42,2,187.21
2016-2017,78414,索郎姆杜萨,106,31,2,2516,3,0,3,25,8,45,1,215.15
2016-2017,78416,格列兹曼,109,36,0,3068,16,0,16,87,41,33,4,265.4
2016-2017,78474,萨维奇,109,32,2,2757,1,0,1,3,1,15,0,224.79
2016-2017,78668,福萨里科,109,14,3,923,0,0,0,3,0,8,0,97.84
2016-2017,78731,罗德里戈,91,19,2,1396,5,0,5,31,8,17,0,128.79
2016-2017,78841,伊拜·戈麦斯,137,29,6,1845,5,0,5,51,21,14,3,197.54
2016-2017,78906,伊斯科,82,30,12,1637,10,0,10,32,15,41,5,217.38
2016-2017,78918,伊利亚拉门迪,106,34,1,3004,1,0,1,19,4,52,4,248.29
2016-2017,79037,乌姆蒂蒂,84,25,1,2133,1,0,1,6,2,20,0,175.08
2016-2017,79088,圭德蒂,114,23,9,1069,3,1,4,19,9,16,0,144.7
2016-2017,79108,圣索内,107,32,7,2125,7,1,8,46,19,39,1,211.89
2016-2017,79115,瓦拉内,82,23,0,1928,1,0,1,11,2,6,0,161.19
2016-2017,79262,布拉萨纳奇,992,25,6,1648,1,0,1,15,3,22,1,161.02
2016-2017,79276,科瓦西奇,82,27,8,1688,1,0,1,14,5,37,1,191.78
2016-2017,79636,隆卡里亚,114,32,2,2726,2,0,2,19,5,30,1,218.05
2016-2017,80292,阿尔瓦罗,107,25,3,2063,1,0,1,9,2,19,1,166.82
2016-2017,80737,纳乔,82,28,4,2301,2,0,2,8,5,23,0,195.97
2016-2017,80917,甘索,86,10,5,485,2,0,2,11,6,6,1,66.65
2016-2017,82014,S.罗伯托,84,32,6,2382,0,0,0,16,4,22,0,224.41
2016-2017,82787,P·埃尔南德斯,114,26,6,1931,1,0,1,13,3,39,1,176.99
2016-2017,84488,杜阿尔特,100,14,1,1123,0,0,0,6,0,2,0,90.57
2016-2017,84545,普朗纳斯,982,11,0,947,0,0,0,2,0,7,1,76.59
2016-2017,84547,蒙托亚,91,28,3,2131,2,0,2,9,3,29,1,194.77
2016-2017,84832,萨拉比亚,86,34,12,2133,7,1,8,43,22,45,2,236.18
2016-2017,86292,A.卡塔伊,137,20,12,770,3,0,3,22,7,12,0,132.3
2016-2017,86419,古希美,93,30,4,2281,2,0,2,29,6,41,0,203.32
2016-2017,87683,法尔,98,24,10,1248,0,0,0,20,8,22,0,153.16
2016-2017,87914,卢纳,103,26,2,2117,1,0,1,3,1,21,2,181.77
2016-2017,87960,F.卡斯特罗,131,19,4,1405,2,0,2,17,5,11,0,127.78
2016-2017,88044,迪涅,84,17,3,1175,0,0,0,5,1,7,0,118.07
2016-2017,88524,卡西利亚,82,11,0,990,0,0,0,0,0,0,0,74.16
2016-2017,89577,路易辛霍,93,26,6,1906,0,0,0,12,0,28,1,174.64
2016-2017,89714,埃切塔,92,10,3,711,0,0,0,2,1,4,0,66.07
2016-2017,89761,帕尔多,106,19,2,1432,1,0,1,17,7,8,0,126.56
2016-2017,89780,伊尼戈,106,34,0,3016,3,0,3,40,9,29,2,233.09
2016-2017,89797,查尔斯,131,21,10,1136,3,0,3,39,15,24,0,135.5
2016-2017,89818,米克尔.里科,92,17,13,467,1,0,1,10,2,9,0,107.16
2016-2017,89849,奎克,131,24,6,1537,7,0,7,25,18,36,0,160.96
2016-2017,89854,D.占美尼斯,96,1,0,90,0,0,0,0,0,0,0,6.3
2016-2017,89856,加里多,93,23,3,1907,0,0,0,14,3,23,0,155.36
2016-2017,89857,R.迪圖,992,23,2,1876,0,0,0,7,0,16,0,151.34
2016-2017,89968,萨沃里特,92,9,4,460,0,0,0,5,2,4,0,56.95
2016-2017,90277,韦拉,991,31,1,2590,3,4,7,66,27,80,2,221.82
2016-2017,90339,拉菲尼亚,84,18,4,1078,6,0,6,25,9,29,1,129.05
2016-2017,90426,切里舍夫,107,10,8,334,0,0,0,7,1,4,0,62.22
2016-2017,90528,高美斯,114,24,3,1931,0,0,0,3,1,3,0,157.78
2016-2017,90559,霍尔达,107,31,1,2681,1,0,1,9,4,44,2,217.37
2016-2017,90605,A.曼迪,96,26,1,2216,2,0,2,13,7,10,0,175.11
2016-2017,90684,塞尔吉,131,38,7,2828,11,0,11,64,26,48,2,261.42
2016-2017,90690,比达尔,84,7,1,565,2,0,2,11,5,6,0,50.84
2016-2017,90834,A.瓦斯克斯,100,10,8,340,0,0,0,5,1,3,0,62.41
2016-2017,91156,勒内,131,9,2,683,0,0,0,4,0,3,1,61.58
2016-2017,91759,卡塞米罗,82,25,5,1707,4,0,4,15,4,45,1,179.13
2016-2017,92369,马洛,114,23,1,1988,2,0,2,13,5,11,1,154.83
2016-2017,92396,J.戈麦斯,991,29,1,2321,2,0,2,23,10,66,1,195.25
2016-2017,92455,阿尔比拉,131,22,5,1573,0,0,0,9,2,10,0,153.15
2016-2017,92994,托施卡,96,17,0,1503,0,0,0,3,0,11,0,112.89
2016-2017,93352,山度士,137,20,12,828,2,1,3,21,9,6,1,128.66
2016-2017,94049,凯文.罗德里格斯,106,2,1,103,0,0,0,3,1,2,0,12.25
2016-2017,94805,M. 科尼,992,5,4,169,0,0,0,3,1,4,0,30.82
2016-2017,94832,D.苏亚雷斯,84,26,14,1181,1,0,1,14,7,12,0,171.06
2016-2017,95054,维托洛,991,30,5,2334,6,0,6,31,13,77,1,211.68
2016-2017,96160,加维斯,131,19,5,1328,0,0,0,5,2,11,0,128.56
2016-2017,96536,特里格罗斯,107,37,2,3043,5,0,5,45,19,47,3,259.48
2016-2017,96658,般奴加馬,93,22,4,1452,0,0,0,27,7,52,0,144.46
2016-2017,97209,萨乌尔,109,33,4,2544,4,0,4,47,14,31,4,241.42
2016-2017,99273,阿里扎巴拉加,92,23,0,2016,0,0,0,0,0,4,0,150.77
2016-2017,99591,奥布拉克,109,30,0,2651,0,0,0,0,0,3,0,199.26
2016-2017,100640,布埃桑,92,21,0,1890,0,0,0,0,0,1,0,136.61
2016-2017,101261,卡瓦哈尔,82,23,2,2014,0,0,0,9,3,21,0,166.32
2016-2017,101428,Z.费迪拿,96,27,0,2308,2,0,2,11,4,11,1,186.99
2016-2017,101546,高波域,992,24,2,1875,2,0,2,18,5,10,1,161.47
2016-2017,102405,雷西奥,102,20,2,1455,2,1,3,13,7,23,0,120.44
2016-2017,102795,卡里斯,93,23,7,1408,1,0,1,17,6,34,0,149.98
2016-2017,102835,鲁本.杜阿尔特,137,3,2,101,0,0,0,0,0,0,0,18.77
2016-2017,103005,莱昂纳多,100,21,5,1428,6,0,6,34,21,42,1,145.37
2016-2017,103121,胡安弗兰,93,34,0,2962,0,0,0,24,6,46,1,233.7
2016-2017,103410,卡拉斯科,109,35,8,2287,10,0,10,84,33,49,3,245.15
2016-2017,103608,比耶托,109,20,6,1308,6,0,6,30,8,13,1,133.81
2016-2017,103673,奥托,114,29,6,2206,0,0,0,13,3,16,0,195.59
2016-2017,103738,M.古里路,992,30,5,2146,4,1,5,43,16,28,0,192.13
2016-2017,103750,施文诺夫斯基,992,28,4,2040,7,1,8,42,17,29,3,189.79
2016-2017,103845,多斯桑托斯,992,11,3,761,0,0,0,3,0,4,0,69.73
2016-2017,104034,卡斯特拉诺,991,7,7,123,0,0,0,0,0,3,0,43.32
2016-2017,104035,卡斯特拉诺,991,27,2,2110,0,0,0,9,3,36,4,187.35
2016-2017,104037,埃尔南,991,10,7,299,0,0,0,6,0,8,0,58.76
2016-2017,104042,利佐安,991,13,0,1170,0,0,0,0,0,6,0,83.17
2016-2017,104050,索布里诺,137,11,6,501,2,0,2,12,5,15,1,72.82
2016-2017,104055,卢卡斯,82,32,20,1384,2,0,2,30,11,48,0,219.27
2016-2017,104227,伊利,137,10,2,788,1,0,1,8,1,6,0,67.84
2016-2017,104684,瓦利,93,6,5,201,0,0,0,5,1,6,0,36.89
2016-2017,105141,斯科尔斯拉多亚,114,31,4,2420,1,0,1,9,3,27,2,210.4
2016-2017,105194,J·科里亚,86,24,8,1399,4,0,4,34,13,47,2,161.1
2016-2017,105263,皮里斯,992,34,1,2753,5,0,5,57,18,65,2,235.43
2016-2017,105402,加亚,91,27,3,2090,1,0,1,14,6,23,1,187.74
2016-2017,105750,戈麦斯,84,30,13,1590,3,0,3,19,6,15,0,199.47
2016-2017,107726,哈里洛维奇,991,18,12,644,0,0,0,17,7,8,0,116.71
2016-2017,108899,O.罗梅罗,137,13,9,528,0,0,0,24,10,21,1,87.7
2016-2017,109241,莫兰,992,12,1,953,0,0,0,4,1,6,0,78.66
2016-2017,109244,拉波尔特,92,33,0,2910,2,0,2,17,6,34,2,229.15
2016-2017,110043,巴拉古尔诺,100,37,0,3280,13,0,13,82,33,47,6,266.85
2016-2017,110071,塞尔吉奥,86,35,0,3150,0,0,0,0,0,1,2,237.49
2016-2017,110296,S.米拿,91,29,16,1402,6,0,6,31,14,33,2,190.44
2016-2017,110479,扎卡里亚,93,16,15,273,1,0,1,6,0,11,0,100.06
2016-2017,111527,布兰科,114,12,0,1080,0,0,0,0,0,0,0,82.85
2016-2017,111780,鲁宾彭拿,131,27,18,1049,1,0,1,22,6,14,0,168.65
2016-2017,112357,鲁本.维佐,91,19,1,1570,0,0,0,7,3,8,0,122.03
2016-2017,112363,A.科雷亚,109,31,21,1211,4,0,4,37,16,15,0,210.25
2016-2017,114354,席思图,114,29,10,1666,3,0,3,29,13,44,0,193.92
2016-2017,114953,F.卡塔比亚,93,4,2,152,0,0,0,2,0,1,0,25.12
2016-2017,114983,罗伯特,91,5,4,168,2,0,2,8,1,5,1,34.4
2016-2017,115066,卡帕,131,31,2,2568,0,0,0,9,2,24,0,212.96
2016-2017,115206,桑纳比亚,96,22,6,1493,3,0,3,36,9,22,1,144.34
2016-2017,115224,吉梅内斯,109,16,4,1011,0,0,0,13,6,20,2,115.11
2016-2017,115239,塞尔吉,114,7,4,259,1,0,1,9,3,0,0,44.35
2016-2017,115410,佩雷斯,93,1,0,90,0,1,1,3,1,2,0,8.21
2016-2017,115411,S.桑切斯,103,11,6,528,0,0,0,8,1,9,0,71.93
2016-2017,115498,J.桑切斯,114,18,6,1094,2,0,2,16,7,14,0,118.01
2016-2017,115915,比加斯,991,32,1,2654,4,0,4,18,7,30,1,219.61
2016-2017,116001,L.靴南迪斯,102,18,0,1589,1,0,1,3,3,6,0,125.92
2016-2017,116072,塞尔吉奥.莱昂,96,33,6,2402,9,1,10,72,33,31,1,213.42
2016-2017,116147,鲁尔艾宾图萨,93,27,1,2363,1,0,1,10,4,7,0,179.14
2016-2017,116163,M.加西亚,137,20,1,1652,2,1,3,23,6,40,3,140.82
2016-2017,116208,B.卡布雷拉,98,16,1,1331,1,0,1,3,0,4,1,109.55
2016-2017,116557,利奥斯,106,25,2,2051,2,0,2,9,5,16,0,170.52
2016-2017,116561,帕切科,137,36,0,3240,0,0,0,0,0,4,3,247
2016-2017,116572,蒙塔纳,991,22,9,1296,0,0,0,7,1,10,0,138.44
2016-2017,117764,多梅内克桑切斯,91,3,0,270,0,0,0,0,0,1,0,20.62
2016-2017,117850,卢卡斯.埃尔南德斯,109,15,2,1253,0,0,0,1,0,11,0,105.18
2016-2017,117852,D.里扎,96,27,0,2388,1,0,1,22,4,31,2,181.73
2016-2017,118540,D.里戈,992,25,0,2222,1,0,1,16,3,33,1,174.03
2016-2017,118871,卡马拉沙,96,31,3,2507,3,0,3,32,8,28,0,201.14
2016-2017,119080,德马科斯,92,27,3,2149,1,0,1,10,3,13,0,181.8
2016-2017,119133,雷拉,96,9,9,170,0,0,0,1,0,7,0,52.94
2016-2017,119159,F.瑞卡,102,21,2,1621,0,0,0,11,1,23,0,141.05
2016-2017,119231,萨尔杜亚,992,14,2,1105,0,0,0,6,1,17,1,93.37
2016-2017,119326,卡洛斯,137,19,9,958,0,0,0,2,0,6,0,120.87
2016-2017,119535,彭拿兰达,102,3,2,171,0,0,0,0,0,4,0,18.29
2016-2017,119973,阿森西奥,82,23,12,1077,3,0,3,26,11,13,0,156.98
2016-2017,121118,哈达迪,84,34,12,2095,6,0,6,48,16,45,2,228.68
2016-2017,121854,梅内德斯,102,24,9,1247,1,1,2,31,9,23,0,153.45
2016-2017,122038,梅德兰,137,15,5,947,2,0,2,13,3,10,0,96.74
2016-2017,123669,马科斯略伦特,82,33,1,2895,0,0,0,14,1,35,3,236.65
2016-2017,123884,塞巴洛斯,82,30,6,2335,2,0,2,37,16,116,4,218.64
2016-2017,123962,U.布斯蒂萨,992,22,1,1791,0,0,0,14,3,18,0,148.6
2016-2017,124016,G.鲁利,106,38,0,3420,0,0,0,0,0,7,1,252.39
2016-2017,124208,祖兰,992,13,0,1110,0,0,0,1,0,0,0,83.6
2016-2017,124220,F.弗罗林,93,37,5,2900,12,0,12,100,42,36,2,250.17
2016-2017,124247,D.卡利路,131,36,0,3189,1,0,1,19,3,31,2,246.14
2016-2017,124449,卡斯蒂里奥,107,8,0,678,1,0,1,8,3,26,2,59.26
2016-2017,124473,托马斯·帕尔特伊,109,15,9,628,1,0,1,7,2,4,0,101.61
2016-2017,124609,阿哥斯塔,102,22,6,1473,2,0,2,41,11,42,1,146.21
2016-2017,125072,高美思,107,12,1,912,0,0,0,7,3,2,0,78.32
2016-2017,125561,朗列特,86,17,2,1359,0,0,0,1,1,8,0,116.17
2016-2017,126545,沃尔特蒙托亚,86,4,3,110,0,0,0,2,0,5,0,24.8
2016-2017,127137,马丁.曼多瓦尼,992,31,1,2698,1,0,1,15,3,45,0,210.31
2016-2017,127155,G.埃斯卡兰特,131,30,6,2055,2,0,2,24,6,22,0,198.63
2016-2017,128540,艾路斯度,106,9,5,525,0,0,0,4,0,1,0,56.04
2016-2017,128575,哈维尔.埃拉索,992,7,3,377,0,0,0,5,0,3,0,43.17
2016-2017,128673,I.威廉士,92,38,7,2800,5,0,5,67,30,55,1,258.3
2016-2017,129002,L.苏亚雷斯,107,3,3,15,0,0,0,1,0,1,0,17.97
2016-2017,129086,大卫.西蒙,991,16,2,1321,0,0,0,11,5,10,0,107.3
2016-2017,132802,塔纳,991,33,7,2301,4,0,4,25,9,40,1,218.5
2016-2017,134111,米克尔贝斯加,92,22,3,1651,1,0,1,12,2,23,0,149.7
2016-2017,135238,伊尼戈,92,24,7,1529,2,0,2,19,5,11,1,162.89
2016-2017,135239,萨宾.梅里诺,92,12,7,436,1,0,1,16,4,5,0,77.52
2016-2017,135858,A.莫雷诺,103,25,10,1435,3,0,3,45,20,54,1,163.57
2016-2017,136179,耶雷,92,26,1,2270,0,0,0,13,2,27,1,186.69
2016-2017,137380,布尔吉,137,32,11,1997,2,0,2,51,23,57,2,214.74
2016-2017,138465,巴勃罗,107,32,1,2674,6,0,6,41,10,36,1,216.48
2016-2017,138885,米克尔奥耶查,106,38,8,2727,2,0,2,57,17,50,1,252.52
2016-2017,139294,J.奧迪維羅斯,102,18,11,826,2,0,2,23,1,6,0,120.58
2016-2017,139473,N.吉尔,91,1,1,2,0,0,0,0,0,1,0,6
2016-2017,139749,纳诺,131,6,5,158,1,0,1,7,3,3,0,36.95
2016-2017,139935,菲比安,96,4,1,154,0,0,0,1,0,0,0,25.62
2016-2017,140325,L.毛里西奥,991,34,3,2745,6,0,6,30,16,9,0,233.16
2016-2017,140601,特奥,82,33,2,2816,1,0,1,26,7,55,4,231.33
2016-2017,141298,乔恩·包蒂斯塔,106,12,10,302,3,0,3,13,3,2,0,77.17
2016-2017,142006,C.巴拉甘,91,23,4,1769,3,0,3,28,13,33,1,152.81
2016-2017,142848,伊戈尔·祖比迪亚,106,6,1,434,0,0,0,4,0,3,0,39.09
2016-2017,143534,雷斯波朗科,102,3,3,31,0,0,0,0,0,0,0,18.71
2016-2017,143727,阿尔瓦罗·奥德里奥佐拉,106,15,0,1285,0,0,0,1,0,13,1,98.34
2016-2017,145960,罗德里戈·埃尔南德斯,107,21,13,834,0,0,0,8,1,13,1,139.65
2016-2017,146205,马克.罗,100,25,11,1319,0,0,0,13,2,11,0,161.91
2016-2017,146362,I.比利亚尔,114,1,0,90,0,0,0,0,0,0,0,5.53
2016-2017,146749,N.约瑟夫,102,13,13,323,1,0,1,15,7,1,1,81.6
2016-2017,147849,马克尔,131,1,1,45,0,0,0,0,0,0,0,6.62
2016-2017,149997,梅内多,100,11,9,299,0,0,0,1,0,10,0,67.37
2016-2017,150668,马科斯纳瓦罗,100,12,2,789,2,0,2,16,3,12,2,83.54
赛季,球员ID,球员,球队ID,出场,替补,出场总时长,运动战进球,点球,总进球数,射门,射正,被侵犯次数,最佳球员次数,评分
2017-2018,1354,弗拉米尼,98,8,2,511,0,0,0,1,1,1,0,50.14
2017-2018,1631,皮克,84,30,1,2633,2,0,2,18,5,12,1,215.36
2017-2018,1634,C.罗纳尔多,82,27,0,2298,23,3,26,177,77,18,7,214.87
2017-2018,2053,D.莫雷诺,100,37,0,3330,1,0,1,14,6,25,1,254.41
2017-2018,2065,鲁本,93,28,1,2477,0,0,0,0,0,5,1,176.35
2017-2018,2072,纳瓦罗,93,15,4,1042,0,0,0,0,0,12,0,98.72
2017-2018,2081,伊涅斯塔,84,30,5,1848,1,0,1,16,6,41,0,206.14
2017-2018,2150,华金,96,35,6,2487,4,0,4,32,13,40,5,244.11
2017-2018,2162,D.洛佩斯,100,10,0,854,0,0,0,0,0,1,1,67.44
2017-2018,2163,胡安弗兰,109,17,2,1308,0,0,0,3,0,9,0,114.81
2017-2018,2183,莫亚,106,9,0,765,0,0,0,0,0,0,0,61.82
2017-2018,2186,拉米斯,131,16,1,1304,3,0,3,14,7,9,1,112
2017-2018,2205,乌纳姆诺,131,1,0,90,0,0,0,0,0,0,0,7.34
2017-2018,2244,F.加比,109,35,10,2365,0,0,0,10,1,22,1,238.22
2017-2018,2297,阿奎拉尼,991,21,6,1298,0,0,0,12,4,14,0,135.92
2017-2018,2419,弗恩特,100,33,19,1626,2,0,2,38,17,35,1,214.07
2017-2018,2426,奎利亚尔,992,35,0,3150,0,0,0,0,0,7,0,232.14
2017-2018,2435,莫里内罗,98,10,5,575,0,0,0,4,0,6,0,64.64
2017-2018,2464,德尔加多,137,28,3,2183,1,0,1,13,3,14,0,181.89
2017-2018,2538,纳瓦斯,86,25,5,1760,1,0,1,21,5,24,2,166.12
2017-2018,4821,博内拉,107,15,1,1250,0,0,0,2,0,11,0,100.29
2017-2018,4834,威尔马伦,84,14,2,1018,0,0,0,3,2,3,0,94.31
2017-2018,8061,阿杜里茨,92,32,11,2102,6,3,9,60,28,39,1,213.96
2017-2018,8570,蒙塔里,93,8,2,408,0,0,0,4,1,7,0,50.95
2017-2018,8608,帕齐尼,103,9,4,474,1,0,1,10,4,11,0,55.3
2017-2018,12839,马丁内兹,107,28,5,1882,0,0,0,7,2,35,1,179.45
2017-2018,13638,伊赖索斯,982,9,1,764,0,0,0,0,0,0,0,58.38
2017-2018,13725,卢卡维纳,107,17,3,1269,0,0,0,2,0,3,0,111.09
2017-2018,17667,马塞罗·加莱,91,24,1,2030,0,0,0,6,1,15,0,160.83
2017-2018,17690,罗萨莱斯,102,35,0,3125,1,0,1,18,6,22,3,240.91
2017-2018,22082,帕雷哈,86,5,0,406,0,0,0,3,0,2,0,34.73
2017-2018,23978,巴拉甘,96,29,1,2377,0,0,0,9,4,19,3,196.08
2017-2018,24060,托雷斯,109,27,20,966,5,0,5,30,13,23,1,174.55
2017-2018,24067,梅西,84,36,4,2996,32,2,34,196,96,80,22,311.49
2017-2018,24079,R.加西亚,92,34,4,2636,7,3,10,80,34,73,1,241.23
2017-2018,24104,S.拉莫斯,82,26,0,2295,2,2,4,28,14,20,0,184.16
2017-2018,24106,塞尔吉奥,114,16,1,1385,0,0,0,0,0,5,2,104.03
2017-2018,24124,阿戈拉特,106,26,2,1941,2,1,3,16,10,32,1,177.51
2017-2018,24334,P.洛佩斯,103,21,3,1596,0,0,0,3,0,29,0,137.23
2017-2018,24366,本泽马,82,32,7,2156,3,2,5,63,18,11,1,224.44
2017-2018,24574,R.马丁,96,10,7,354,0,1,1,9,5,5,0,62.63
2017-2018,24893,胡拉多,100,29,9,1507,0,0,0,13,2,34,0,185.84
2017-2018,25054,瓜尔达多,96,29,4,2265,1,1,2,33,9,39,1,199.39
2017-2018,25358,莫德里奇,82,25,2,1958,1,0,1,34,8,30,0,183.34
2017-2018,25932,贝尔,82,26,6,1803,15,1,16,76,33,16,6,195.64
2017-2018,26019,菲利佩·路易斯,109,20,1,1661,1,0,1,5,2,27,2,148.7
2017-2018,26119,阿丹,96,29,0,2610,0,0,0,0,0,3,1,188.94
2017-2018,26120,托里斯,102,8,0,676,0,0,0,3,1,0,0,53.52
2017-2018,26124,贝尼亚特,92,24,12,1115,0,0,0,13,3,15,1,157.47
2017-2018,26253,雷米,98,23,11,1290,7,1,8,42,22,19,1,152.22
2017-2018,26290,埃尔扎尔,992,30,10,1981,2,0,2,45,14,35,0,196.77
2017-2018,26358,马塞洛,82,28,2,2264,2,0,2,33,9,42,1,198.75
2017-2018,26641,B.马基尔,98,18,0,1469,4,0,4,16,9,19,0,121.95
2017-2018,26777,L.苏亚雷斯,84,33,1,2902,23,1,24,121,56,50,4,254.74
2017-2018,26841,库兹马诺维奇,102,8,2,520,0,0,0,3,0,2,0,47.56
2017-2018,26883,加梅罗,109,26,15,1127,5,2,7,20,14,9,1,168.8
2017-2018,26990,拉基蒂奇,84,35,4,2838,1,0,1,28,11,46,0,249.08
2017-2018,27023,桑切斯,100,14,1,1123,0,0,0,4,0,14,0,93.94
2017-2018,27080,博扬,137,12,8,427,0,0,0,5,4,17,0,73.72
2017-2018,27083,克罗斯,82,27,1,2268,5,0,5,41,17,38,1,202.06
2017-2018,27157,格拉内罗,100,24,13,1222,1,0,1,13,2,22,0,157.11
2017-2018,27158,布伊诺,102,10,9,206,0,0,0,5,1,5,0,60.58
2017-2018,27159,G.卡斯特罗,102,26,0,2055,3,1,4,32,10,28,2,175.25
2017-2018,27162,莱昂,131,12,2,929,0,0,0,24,7,10,1,83.93
2017-2018,27172,科斯塔,109,15,2,1070,3,0,3,25,10,19,0,102.43
2017-2018,27283,苏塞塔,92,34,8,2271,3,0,3,27,13,50,1,229.57
2017-2018,27420,安图内斯,98,33,2,2796,0,0,0,30,3,36,0,221.15
2017-2018,27579,史杜安尼,982,26,1,2140,16,5,21,53,28,52,3,182.08
2017-2018,27651,巴内加,86,31,6,2403,0,3,3,37,13,50,1,218.11
2017-2018,28061,卡路士马天尼斯,106,1,1,2,0,0,0,0,0,1,0,6.08
2017-2018,28065,阿吉雷切,106,11,9,223,0,0,0,6,2,4,0,67.67
2017-2018,28120,西蒙.凯尔,86,20,2,1571,2,0,2,9,2,9,0,136.28
2017-2018,28538,加西亚,991,11,2,859,1,0,1,5,3,14,0,71.53
2017-2018,28595,库蒂尼奥,84,18,2,1304,8,0,8,37,20,32,3,137.14
2017-2018,28686,巴利祖,91,34,0,3009,1,6,7,45,21,67,6,252.01
2017-2018,28717,阿森霍,107,23,0,2070,0,0,0,0,0,3,3,156.79
2017-2018,28801,桑切斯,100,30,1,2463,0,0,0,13,1,50,0,208.6
2017-2018,28803,布茨克斯,84,31,1,2600,1,0,1,5,4,58,0,223.96
2017-2018,28823,伊图拉斯佩,92,30,10,1902,0,0,0,6,1,22,0,198.78
2017-2018,28881,A.干沙里斯,102,29,2,2341,2,1,3,35,12,32,0,189.68
2017-2018,28979,皮亚蒂,100,30,8,1749,1,1,2,31,6,52,1,200.81
2017-2018,29023,博德博兹,96,27,12,1361,2,0,2,19,12,17,1,180.41
2017-2018,29027,凯科,102,21,6,1217,0,0,0,18,5,28,0,136.08
2017-2018,29033,巴伦齐亚加,92,18,0,1555,0,0,0,3,0,16,0,122.24
2017-2018,29034,阿德里安·洛佩斯,93,30,4,2346,9,0,9,61,20,28,4,208.27
2017-2018,29044,瓜伊塔,98,33,0,2970,0,0,0,0,0,4,3,225.11
2017-2018,29142,H.莫雷诺,106,8,0,720,1,0,1,8,4,13,0,55.4
2017-2018,29271,泰顿,93,2,1,97,0,0,0,0,0,0,0,11.08
2017-2018,30366,阿尔巴,84,33,3,2744,2,0,2,15,5,22,1,237.58
2017-2018,30367,P.迪奥普,131,20,5,1226,0,0,0,15,1,25,0,130.87
2017-2018,30417,W.梅巴拉克,137,20,8,1098,0,0,0,9,1,22,0,131.68
2017-2018,30477,莫莫,991,13,5,679,0,0,0,6,1,21,0,81.54
2017-2018,30634,罗德里格斯,98,33,7,2299,13,0,13,68,31,36,4,223.86
2017-2018,30635,J.奥马,992,23,5,1455,0,0,0,9,2,18,0,150.06
2017-2018,30738,科克,103,17,1,1390,3,0,3,11,5,12,0,115.67
2017-2018,30830,贝尔纳多,982,34,2,2868,0,0,0,26,5,16,0,233.72
2017-2018,30833,迪拉比尔拿,106,17,0,1530,0,0,0,6,1,17,0,117.11
2017-2018,31317,恩松齐,86,27,1,2215,1,0,1,22,5,13,0,186.09
2017-2018,31797,费尔南德斯,107,3,0,226,0,0,0,0,0,0,0,19.98
2017-2018,35563,卡里索,86,6,1,459,0,0,0,2,0,0,0,40.51
2017-2018,36798,纳瓦斯,82,27,0,2430,0,0,0,0,0,3,1,187.29
2017-2018,39418,安赫尔,131,30,2,2431,0,0,0,15,0,17,3,210.58
2017-2018,40851,科隆.德里,93,24,9,1265,1,0,1,13,3,5,0,152.28
2017-2018,40861,沃斯,114,35,1,2941,4,0,4,52,11,53,0,240.19
2017-2018,48835,卡纳莱斯,106,36,16,1920,4,0,4,67,15,29,2,245.23
2017-2018,49459,干贵士,131,34,3,2641,5,0,5,64,22,49,2,225.76
2017-2018,50550,奥雷利亚纳,131,17,4,1206,3,0,3,27,5,20,1,114.73
2017-2018,51379,科齐亚,86,12,3,823,0,0,0,5,3,22,0,79.73
2017-2018,56882,米切尔,991,28,2,2140,0,0,0,6,3,44,0,183.97
2017-2018,58186,大衛.索里亞,86,15,0,1265,0,0,0,0,0,1,0,102.86
2017-2018,58193,胡安.卡洛斯,102,10,1,784,0,0,0,2,0,6,0,66.76
2017-2018,59451,扎扎,91,33,10,2109,13,0,13,72,24,32,3,225.38
2017-2018,60320,博维达,93,14,1,1191,0,0,0,0,0,4,0,91.23
2017-2018,62151,博格斯,93,32,6,2362,3,0,3,31,8,13,1,219.45
2017-2018,62348,佩雷斯,992,31,2,2519,0,0,0,17,1,47,1,216.95
2017-2018,62352,穆涅萨,982,13,0,1129,0,0,0,2,1,9,0,89.81
2017-2018,62490,戈丁,109,30,2,2554,0,0,0,14,5,26,0,212.55
2017-2018,62546,莫利纳,98,36,5,2792,4,3,7,65,26,61,1,240.75
2017-2018,65481,索里亚诺,107,22,11,1133,0,0,0,20,6,33,0,140.43
2017-2018,65833,莱斯蒂耶纳,102,12,4,671,0,0,0,10,1,3,0,76.19
2017-2018,66806,拉瓜迪亚,137,17,0,1530,2,0,2,5,2,5,1,117.8
2017-2018,66812,穆尼亚因,92,14,7,775,4,0,4,18,10,29,1,96.77
2017-2018,66817,拉肯,102,18,6,1122,0,0,0,7,1,11,0,114.87
2017-2018,66823,罗伯托,102,34,0,3060,0,0,0,1,0,3,1,226.17
2017-2018,66841,丰塔斯,114,12,3,884,0,0,0,1,0,0,0,78.19
2017-2018,67413,特尔施特根,84,37,0,3330,0,0,0,0,0,1,0,255.37
2017-2018,67427,科克,109,35,2,2764,4,0,4,29,14,51,1,248.1
2017-2018,67895,哈维-加西亚,96,32,5,2410,1,0,1,11,1,33,0,211.71
2017-2018,67909,西德内,93,21,0,1779,1,0,1,9,2,11,1,143.62
2017-2018,67937,圣何塞,92,26,2,2157,1,0,1,20,5,9,1,175.82
2017-2018,67959,鲁伊斯,107,27,0,2430,2,0,2,5,2,6,1,186.62
2017-2018,68640,贝奥夫,992,28,11,1671,2,0,2,40,9,26,0,175.66
2017-2018,68880,索華斯,992,24,0,2068,1,0,1,17,2,15,1,165.59
2017-2018,69605,杜库雷,103,19,7,1021,1,0,1,18,1,11,0,118.78
2017-2018,69796,科奎林,91,9,2,656,1,0,1,4,3,7,1,63.94
2017-2018,69948,帕切科,98,10,10,164,0,0,0,1,0,0,0,62.46
2017-2018,69970,拉马略,982,26,1,2297,0,0,0,7,1,12,0,172
2017-2018,70105,J.盧比斯,100,14,2,967,0,0,0,3,0,20,0,96.4
2017-2018,70113,詹米,106,29,11,1483,8,0,8,37,13,23,0,188.76
2017-2018,70219,阿马特,96,25,1,2108,0,0,0,7,1,10,0,163.31
2017-2018,70222,普拉达,93,22,6,1396,0,0,0,12,3,12,0,143.67
2017-2018,70244,迪达克,100,14,7,724,0,0,0,11,3,13,1,93.49
2017-2018,70306,科拉克,93,26,9,1455,1,0,1,17,8,24,0,170.26
2017-2018,70311,劳尔-加西亚,992,19,4,1388,0,0,0,7,1,18,0,127.16
2017-2018,70318,马克巴尔特拉,96,16,0,1421,1,0,1,11,3,16,1,119.5
2017-2018,71676,L.穆里尔,86,29,12,1604,7,0,7,58,21,13,2,189.38
2017-2018,71881,D.維拉巴,98,1,0,62,0,0,0,0,0,0,0,6.52
2017-2018,72044,R.庫基亞,96,3,2,133,0,0,0,1,1,3,0,19.69
2017-2018,74000,阿吉雷加莱,991,15,1,1155,0,0,0,9,0,21,0,99.55
2017-2018,74093,E.穆诺斯,992,18,2,1318,0,0,0,5,2,6,1,121.44
2017-2018,74187,G·默卡多,86,26,1,2123,0,0,0,18,7,16,1,177.22
2017-2018,74341,马丁内斯,98,5,0,450,0,0,0,0,0,1,0,33.78
2017-2018,74345,内雷奥.尚帕格尼,992,2,0,180,0,0,0,0,0,0,0,11.37
2017-2018,74395,皮萨罗,86,23,4,1753,1,0,1,13,4,26,1,159.56
2017-2018,74608,卡巴拉,114,26,6,1889,1,0,1,10,2,4,1,173.3
2017-2018,74830,巴斯克斯,86,30,8,1845,4,0,4,55,13,61,3,201.99
2017-2018,75406,劳尔.纳瓦斯,106,20,0,1792,0,0,0,13,2,6,0,136.35
2017-2018,75433,阿斯帕斯,114,34,1,2938,20,2,22,94,44,62,12,254.25
2017-2018,75438,奥特里诺,131,1,0,90,0,0,0,0,0,0,0,7.5
2017-2018,75500,阿尔卡塞尔,84,15,7,663,4,0,4,15,7,9,0,99.84
2017-2018,77226,托马斯,102,20,12,976,1,1,2,26,10,7,0,123.12
2017-2018,78082,西莱森,84,1,0,90,0,0,0,0,0,0,0,7.59
2017-2018,78255,佩雷斯,137,14,9,509,0,0,0,8,2,7,0,87.97
2017-2018,78262,马里奥,107,32,1,2805,2,0,2,30,10,15,2,228.67
2017-2018,78351,B.耶德威萨姆,86,25,7,1727,9,0,9,49,28,20,1,166.7
2017-2018,78367,埃斯库德罗,86,27,1,2332,0,0,0,19,4,38,2,189.02
2017-2018,78414,索郎姆杜萨,106,31,5,2282,0,0,0,14,3,47,0,205.5
2017-2018,78416,格列兹曼,109,32,2,2553,17,2,19,72,40,44,7,235.87
2017-2018,78434,皮纳,137,30,2,2392,1,0,1,13,3,29,1,203.97
2017-2018,78474,萨维奇,109,27,1,2299,0,0,0,3,1,8,0,186.42
2017-2018,78604,科瓦尔,93,2,0,173,0,0,0,0,0,0,0,9.94
2017-2018,78668,福萨里科,109,21,2,1697,0,0,0,3,0,12,0,149.39
2017-2018,78731,罗德里戈,91,36,5,2667,15,1,16,91,39,40,1,254.03
2017-2018,78738,F.劳尔,103,11,0,990,0,0,0,0,0,2,2,75.63
2017-2018,78755,诺利托,86,31,14,1621,4,0,4,38,18,24,1,207.33
2017-2018,78841,伊拜·戈麦斯,137,34,8,2325,6,1,7,54,24,19,3,230.28
2017-2018,78906,伊斯科,82,30,9,1781,7,0,7,49,19,59,3,214.3
2017-2018,78907,克里斯蒂安.波尔图,982,37,2,3015,11,0,11,51,25,55,1,252.06
2017-2018,78915,托诺,106,4,1,315,0,0,0,0,0,0,0,23.05
2017-2018,78918,伊利亚拉门迪,106,36,1,3130,7,0,7,35,11,66,5,258.11
2017-2018,79037,乌姆蒂蒂,84,25,1,2189,1,0,1,9,5,25,0,175.06
2017-2018,79088,圭德蒂,137,25,10,1339,3,0,3,33,14,16,0,162.46
2017-2018,79108,圣索内,107,18,13,627,4,1,5,15,7,12,0,117.3
2017-2018,79115,瓦拉内,82,27,0,2323,0,0,0,10,2,12,1,185.77
2017-2018,79156,康多比亚,91,31,1,2629,4,0,4,28,8,52,4,228.81
2017-2018,79262,布拉萨纳奇,992,23,10,1202,2,0,2,10,5,20,0,150.08
2017-2018,79276,科瓦西奇,82,21,11,1006,0,0,0,9,2,20,2,141.47
2017-2018,79346,米克尔,102,20,0,1781,0,0,0,10,2,14,1,131.44
2017-2018,79551,罗基纳,103,5,4,148,1,0,1,7,1,4,0,32.04
2017-2018,79634,比奴尔巴,991,7,0,572,0,0,0,5,0,4,0,45.45
2017-2018,79636,隆卡里亚,114,20,3,1491,0,0,0,4,1,9,0,131.55
2017-2018,80292,阿尔瓦罗,107,33,1,2900,0,0,0,15,3,30,0,222.99
2017-2018,80737,纳乔,82,26,4,2073,3,0,3,10,4,28,0,180
2017-2018,80917,甘索,86,7,0,523,2,0,2,7,3,11,0,48.32
2017-2018,81423,保利尼奥,84,34,13,1940,9,0,9,45,22,33,0,234.18
2017-2018,82014,S.罗伯托,84,29,5,2262,1,0,1,8,4,26,0,209.87
2017-2018,82028,奥耶尔,103,26,0,2340,0,0,0,0,0,4,1,172.64
2017-2018,82787,P·埃尔南德斯,114,30,12,1812,3,0,3,17,3,63,3,208.96
2017-2018,83013,基基佐拉,991,27,0,2430,0,0,0,0,0,6,2,182.9
2017-2018,83553,达米安,98,33,0,2925,1,0,1,10,5,41,1,228.32
2017-2018,84488,杜阿尔特,100,11,0,990,0,0,0,3,0,6,0,72.22
2017-2018,84535,特略,96,31,15,1658,4,0,4,32,16,20,3,207.82
2017-2018,84545,普朗纳斯,982,5,3,189,0,0,0,1,0,0,0,32.64
2017-2018,84547,蒙托亚,91,25,1,2152,0,0,0,8,6,27,1,177.46
2017-2018,84832,萨拉比亚,86,34,7,2407,5,1,6,58,27,41,1,229.69
2017-2018,85282,加西亚,982,37,3,2814,2,0,2,51,10,110,0,252.38
2017-2018,85544,洛博特卡,114,38,4,3061,0,0,0,8,3,47,0,253.24
2017-2018,85553,马赞,114,2,1,81,0,0,0,2,1,0,0,12.52
2017-2018,86419,古希美,93,31,0,2645,0,0,0,37,2,45,1,207.73
2017-2018,87203,拉云,86,16,5,1180,2,0,2,22,5,9,0,107.87
2017-2018,87657,萨迪库,103,6,2,269,0,0,0,5,2,1,0,37.3
2017-2018,87683,法尔,98,31,5,2384,1,0,1,22,10,37,1,212.33
2017-2018,87914,卢纳,103,23,1,2021,0,0,0,5,0,15,0,153.96
2017-2018,88044,迪涅,84,12,4,702,0,0,0,2,1,7,0,80.28
2017-2018,88524,卡西利亚,82,10,0,900,0,0,0,0,0,0,0,65.39
2017-2018,88589,伊图拉,102,20,2,1583,0,0,0,2,1,21,0,133.82
2017-2018,89577,路易辛霍,93,30,1,2622,1,0,1,16,4,49,1,210.62
2017-2018,89714,埃切塔,92,5,0,377,1,0,1,4,1,2,0,32.62
2017-2018,89761,帕尔多,106,6,3,227,0,0,0,1,0,2,0,37.92
2017-2018,89774,雅伊罗,991,11,5,559,0,0,0,9,1,7,0,67.57
2017-2018,89780,伊尼戈,92,28,0,2496,1,0,1,19,6,35,1,191.48
2017-2018,89797,查尔斯,131,30,12,1587,7,1,8,45,16,29,1,198.36
2017-2018,89818,米克尔.里科,92,16,3,1169,0,0,0,13,1,23,0,106.26
2017-2018,89849,奎克,131,34,6,2453,8,0,8,71,28,76,3,226.68
2017-2018,89854,D.占美尼斯,96,4,0,309,0,0,0,0,0,1,0,28.2
2017-2018,89857,R.迪圖,992,9,3,607,0,0,0,1,0,6,0,56.8
2017-2018,89968,萨沃里特,92,19,3,1429,0,0,0,6,2,13,0,128.06
2017-2018,89974,坎帕纳,103,35,2,2742,1,0,1,22,8,30,4,241.27
2017-2018,90272,莫拉,98,23,17,783,0,0,0,6,0,6,0,143.54
2017-2018,90426,切里舍夫,107,24,15,920,2,0,2,29,9,14,0,156.9
2017-2018,90474,卡洛斯.巴卡,107,35,5,2511,14,1,15,74,35,21,3,243.54
2017-2018,90528,高美斯,114,33,2,2682,1,0,1,14,2,6,0,220.29
2017-2018,90559,霍尔达,107,30,1,2564,0,0,0,12,3,37,0,205.33
2017-2018,90605,A.曼迪,96,34,0,3060,1,0,1,14,2,25,0,232.19
2017-2018,90624,卡罗勒,86,6,0,540,0,0,0,3,1,6,1,41.3
2017-2018,90684,塞尔吉,131,19,5,1331,3,0,3,32,11,28,0,125.91
2017-2018,90690,比达尔,84,14,10,453,1,0,1,7,5,12,0,89.49
2017-2018,91156,勒内,131,14,4,911,0,0,0,3,0,7,0,93.25
2017-2018,91162,路扎诺,982,14,10,465,1,0,1,17,7,10,0,90.14
2017-2018,91759,卡塞米罗,82,30,0,2601,5,0,5,32,12,73,1,223.68
2017-2018,92000,柴崎岳,98,22,10,1003,1,0,1,10,3,13,0,140.22
2017-2018,92369,马洛,114,34,0,3005,0,0,0,23,8,27,1,236.46
2017-2018,92395,薜慕,991,31,2,2606,0,0,0,3,1,51,0,208.19
2017-2018,92396,J.戈麦斯,991,24,7,1525,0,0,0,14,0,29,0,149.67
2017-2018,92455,阿尔比拉,131,29,3,2411,2,0,2,17,4,11,2,198.39
2017-2018,92660,法比安,93,25,0,2226,2,0,2,18,6,23,0,170.8
2017-2018,93166,迪米杜域,131,36,0,3240,0,0,0,0,0,5,0,235.3
2017-2018,93352,山度士,137,10,5,478,2,0,2,7,5,0,0,62.84
2017-2018,94049,凯文.罗德里格斯,106,19,1,1632,1,0,1,14,3,15,0,129.92
2017-2018,94832,D.苏亚雷斯,84,17,13,582,3,0,3,12,5,10,0,113.71
2017-2018,95054,维托洛,109,23,7,1310,2,0,2,14,6,51,1,152.65
2017-2018,95191,迭戈.罗兰,102,27,5,2034,5,0,5,37,18,50,0,179.37
2017-2018,95378,巴尔博萨,107,13,1,1124,0,0,0,0,0,3,0,86.33
2017-2018,96056,盖斯,86,14,7,670,0,0,0,6,1,2,0,90.61
2017-2018,96073,R.马尔蒂,103,17,7,930,2,1,3,27,8,14,0,109.67
2017-2018,96160,加维斯,991,22,0,1980,1,0,1,18,5,19,1,149.17
2017-2018,96219,德尔佩斯,103,3,0,175,0,0,0,1,0,0,0,21.49
2017-2018,96536,特里格罗斯,107,34,2,2717,2,1,3,28,8,43,1,235.52
2017-2018,97209,萨乌尔,109,36,1,3156,2,0,2,53,9,35,1,265.86
2017-2018,99273,阿里扎巴拉加,92,30,0,2700,0,0,0,0,0,7,2,203.47
2017-2018,99340,埃泽基尔,991,10,5,508,0,0,0,7,3,7,0,62.16
2017-2018,99591,奥布拉克,109,37,0,3330,0,0,0,0,0,3,3,258.19
2017-2018,100087,S.达萨里,107,1,1,33,0,0,0,0,0,1,0,6.1
2017-2018,100640,布埃桑,92,8,0,720,0,0,0,0,0,2,1,54.55
2017-2018,101261,卡瓦哈尔,82,25,0,2250,0,0,0,13,6,32,1,178.04
2017-2018,101428,Z.费迪拿,96,15,1,1257,3,0,3,6,3,16,0,103.15
2017-2018,101546,高波域,982,16,6,921,2,0,2,12,5,10,1,105.84
2017-2018,102298,波尔蒂略,98,33,5,2482,1,1,2,20,8,29,0,216.54
2017-2018,102300,桑切斯,100,2,1,101,0,0,0,1,0,0,0,12.8
2017-2018,102405,雷西奥,102,22,1,1850,0,1,1,26,4,44,0,147.99
2017-2018,102795,卡里斯,93,10,4,478,0,0,0,10,2,16,0,63.48
2017-2018,102835,鲁本.杜阿尔特,137,24,0,2149,0,0,0,8,0,35,2,165.84
2017-2018,102840,S.雷东多,103,30,3,2426,1,0,1,7,2,15,0,197.81
2017-2018,103005,莱昂纳多,100,36,5,2687,8,0,8,78,28,49,3,243.53
2017-2018,103121,胡安弗兰,93,35,1,3058,0,0,0,24,7,32,1,239.85
2017-2018,103608,比耶托,91,20,11,822,2,0,2,13,4,14,0,127.9
2017-2018,103673,奥托,114,36,0,3204,2,0,2,15,4,37,1,252.06
2017-2018,103738,M.古里路,992,22,7,1438,4,0,4,30,12,23,3,144.29
2017-2018,103750,施文诺夫斯基,992,13,0,1064,1,1,2,19,6,18,0,87.85
2017-2018,103845,多斯桑托斯,992,14,4,980,0,0,0,1,1,3,0,91.89
2017-2018,103941,阿里曼尼,982,2,2,13,0,0,0,2,0,0,0,12.09
2017-2018,104034,卡斯特拉诺,991,23,6,1567,0,0,0,4,2,25,0,149.09
2017-2018,104035,卡斯特拉诺,991,24,1,2027,0,0,0,4,0,30,0,160.07
2017-2018,104038,胡安佩,982,35,1,3064,5,0,5,22,10,7,1,235.83
2017-2018,104040,穆里略,91,17,2,1374,0,0,0,2,0,15,0,120.5
2017-2018,104042,利佐安,991,11,0,990,0,0,0,0,0,3,0,69.52
2017-2018,104050,索布里诺,137,27,12,1461,3,0,3,24,13,32,1,181.09
2017-2018,104055,卢卡斯,82,32,16,1665,4,0,4,33,17,42,0,222.93
2017-2018,104227,伊利,137,31,1,2695,1,0,1,17,4,18,1,211.01
2017-2018,104356,卡布雷拉,98,9,1,720,0,0,0,2,1,2,0,62.57
2017-2018,104684,瓦利,93,17,14,474,3,0,3,15,7,8,0,108.34
2017-2018,105194,J·科里亚,86,21,6,1199,1,0,1,24,6,43,1,140.67
2017-2018,105263,皮里斯,992,29,1,2387,4,1,5,43,15,51,4,206.84
2017-2018,105402,加亚,91,34,1,2918,0,0,0,14,3,45,0,240.69
2017-2018,105750,戈麦斯,84,16,10,659,0,0,0,7,0,5,0,102.28
2017-2018,105752,N.塞梅多,84,20,5,1316,0,0,0,3,2,20,0,134.71
2017-2018,106302,穆瓦拉德,103,2,2,25,0,0,0,0,0,0,0,11.98
2017-2018,107726,哈里洛维奇,991,20,4,1362,2,0,2,38,15,25,0,132.01
2017-2018,109454,L.卢比斯,102,1,1,45,0,0,0,0,0,1,0,6.28
2017-2018,110043,巴拉古尔诺,100,38,0,3413,15,1,16,106,48,77,6,276.87
2017-2018,110071,塞尔吉奥,86,24,1,2155,0,0,0,0,0,3,1,154.95
2017-2018,110296,S.米拿,91,32,15,1549,11,1,12,43,20,35,1,215.83
2017-2018,110312,拿度,100,11,1,921,0,0,0,1,0,0,0,75.33
2017-2018,110479,扎卡里亚,93,23,13,905,0,0,0,25,6,20,0,143.94
2017-2018,111527,布兰科,114,22,0,1980,0,0,0,0,0,0,0,142.53
2017-2018,111780,鲁宾彭拿,131,27,9,1728,1,0,1,12,2,18,0,177.99
2017-2018,112357,鲁本.维佐,91,19,2,1557,0,0,0,3,1,13,0,128.69
2017-2018,112363,A.科雷亚,109,38,11,2292,8,0,8,46,27,49,2,259.65
2017-2018,113162,贾努扎伊,106,28,10,1586,3,0,3,58,14,60,3,191.18
2017-2018,113232,加布里埃尔阿曼多,91,30,1,2622,0,0,0,15,4,19,0,206.28
2017-2018,114354,席思图,114,34,3,2553,5,0,5,52,19,73,0,236.95
2017-2018,114953,F.卡塔比亚,93,20,4,1333,2,0,2,32,9,47,1,137.32
2017-2018,115066,卡帕,131,32,7,2246,0,0,0,6,1,9,0,212.16
2017-2018,115206,桑纳比亚,96,17,9,847,8,0,8,24,13,15,0,114.44
2017-2018,115224,吉梅内斯,109,23,6,1684,1,0,1,12,2,18,0,159.93
2017-2018,115227,莫希卡,982,30,8,2131,0,0,0,22,2,48,1,202.9
2017-2018,115410,佩雷斯,93,35,4,2797,5,3,8,54,26,33,0,238.96
2017-2018,115411,S.桑切斯,102,17,13,417,0,0,0,4,1,6,0,103.89
2017-2018,115412,S.丹格,100,35,3,2790,1,0,1,29,7,30,1,238.13
2017-2018,115498,J.桑切斯,114,22,4,1481,0,0,0,18,5,10,0,141.88
2017-2018,115915,比加斯,991,12,1,896,0,0,0,4,1,6,0,77.72
2017-2018,116001,L.靴南迪斯,102,36,0,3240,0,0,0,4,0,10,1,237.48
2017-2018,116072,塞尔吉奥.莱昂,96,31,8,1981,11,0,11,65,29,39,1,205.59
2017-2018,116074,P.圭拉多,982,8,0,690,1,0,1,8,3,3,0,54.1
2017-2018,116147,鲁尔艾宾图萨,93,20,1,1749,1,0,1,11,2,14,0,129.42
2017-2018,116152,摩拉里斯,103,35,0,3080,7,3,10,61,25,43,4,244.91
2017-2018,116163,M.加西亚,137,30,3,2438,3,0,3,26,8,72,2,209.75
2017-2018,116206,F.卡拉巴路,982,28,8,1810,1,1,2,32,14,15,0,186.21
2017-2018,116208,B.卡布雷拉,98,19,2,1537,0,0,0,4,0,10,1,130.18
2017-2018,116276,辛度拉美利斯,86,13,6,715,0,0,0,24,10,22,0,82.9
2017-2018,116291,塞梅多,107,3,1,141,0,0,0,0,0,1,0,17.87
2017-2018,116354,P.邦斯,982,31,1,2564,0,0,0,14,4,34,0,205.56
2017-2018,116442,伊德耶,102,13,5,731,1,0,1,10,3,14,0,80.24
2017-2018,116466,P.奥利维拉,131,26,1,2215,0,0,0,14,4,12,1,180.49
2017-2018,116557,利奥斯,106,27,1,2330,3,0,3,20,7,27,0,183.78
2017-2018,116561,帕切科,137,38,1,3357,0,0,0,0,0,3,1,256.57
2017-2018,116572,蒙塔纳,84,2,0,145,0,0,0,0,0,2,0,13.62
2017-2018,116740,J.卡莱里,991,37,3,3111,4,5,9,98,29,76,1,243.47
2017-2018,117258,S.伊萨克.费尔南德斯.维拉,102,9,2,506,0,0,0,8,1,26,1,59.47
2017-2018,117764,多梅内克桑切斯,91,5,0,450,0,0,0,0,0,1,0,34.21
2017-2018,117850,卢卡斯.埃尔南德斯,109,26,2,2141,0,0,0,6,1,46,2,189.61
2017-2018,117852,D.里扎,96,24,1,2080,2,0,2,18,6,10,0,155.79
2017-2018,118540,D.里戈,992,26,0,2295,2,0,2,25,8,43,3,183.2
2017-2018,118871,卡马拉沙,96,24,10,1254,1,0,1,21,4,31,0,151.69
2017-2018,119080,德马科斯,92,21,1,1662,1,0,1,13,7,10,0,141.04
2017-2018,119159,F.瑞卡,102,14,1,1111,0,0,0,6,3,6,0,95.13
2017-2018,119231,萨尔杜亚,992,30,1,2593,1,0,1,11,3,61,2,210.18
2017-2018,119258,洛姆班,131,13,2,995,1,0,1,4,1,5,3,88.95
2017-2018,119326,卡洛斯,137,12,3,894,0,0,0,4,1,13,0,74.17
2017-2018,119357,杰弗森里尔玛,103,26,1,2139,0,0,0,27,1,51,0,182.15
2017-2018,119396,切马,103,15,2,1178,0,0,0,3,2,8,0,95.48
2017-2018,119513,P.洛佩斯,96,5,1,411,0,0,0,0,0,0,0,30.54
2017-2018,119535,彭拿兰达,102,13,2,808,0,0,0,22,6,27,0,83.3
2017-2018,119973,阿森西奥,82,32,13,1838,6,0,6,56,23,27,2,223.83
2017-2018,120714,保罗·洛佩斯,100,29,1,2566,0,0,0,0,0,5,0,196.74
2017-2018,121118,哈达迪,137,33,5,2469,10,0,10,62,23,114,2,224.4
2017-2018,121356,Y·米纳,84,5,1,370,0,0,0,3,1,6,0,34.79
2017-2018,121367,阿拉纳,86,3,1,192,0,0,0,0,0,2,0,18.92
2017-2018,121631,罗格.马丁内斯,107,7,5,225,1,0,1,11,3,10,0,44.53
2017-2018,122038,梅德兰,137,18,8,1014,2,0,2,18,6,14,0,118.09
2017-2018,123669,马科斯略伦特,82,13,8,540,0,0,0,6,0,4,0,83.86
2017-2018,123884,塞巴洛斯,82,11,7,396,2,0,2,7,4,15,1,73.08
2017-2018,123962,U.布斯蒂萨,992,20,2,1636,2,0,2,15,9,19,1,136.49
2017-2018,124016,G.鲁利,106,26,0,2340,0,0,0,0,0,2,0,166.94
2017-2018,124208,祖兰,992,1,0,90,0,0,0,0,0,0,0,5.93
2017-2018,124220,F.弗罗林,93,29,13,1629,7,0,7,56,22,20,0,184.49
2017-2018,124247,D.卡利路,131,32,0,2781,0,0,0,20,1,25,0,216.62
2017-2018,124361,納蘭祖,992,13,7,557,1,0,1,9,3,3,0,82.51
2017-2018,124363,A.东尼奥,103,12,0,1080,0,0,0,2,1,8,0,79.43
2017-2018,124449,卡斯蒂里奥,107,1,1,13,4,0,4,2,1,1,0,6.9
2017-2018,124473,托马斯·帕尔特伊,109,33,5,2382,3,0,3,22,3,35,4,235.69
2017-2018,124476,莫雷诺,131,35,10,2423,5,1,6,40,17,19,3,237.2
2017-2018,124521,洛佩斯,103,29,12,1760,3,1,4,39,10,21,2,192.59
2017-2018,124551,艾文奴保定,103,25,15,1267,6,0,6,42,16,38,1,165.74
2017-2018,124609,阿哥斯塔,102,16,11,605,0,0,0,14,4,15,0,99.52
2017-2018,124646,贡萨洛.盖德斯,91,33,6,2442,5,0,5,61,22,72,4,236.48
2017-2018,124701,卢卡斯.博耶,114,11,9,259,0,0,0,6,1,1,0,67.58
2017-2018,124863,格拉德.甘保,992,22,6,1430,1,0,1,17,6,6,0,140.08
2017-2018,124943,E.乌奴,107,30,12,1717,6,0,6,44,23,35,1,195.76
2017-2018,124972,D.奥尔塔,114,1,1,4,0,0,0,0,0,0,0,6.01
2017-2018,125060,安德烈亚斯·佩雷拉,91,23,11,1105,1,0,1,14,6,20,1,150.17
2017-2018,125072,高美思,107,3,1,233,0,0,0,0,0,0,0,19.02
2017-2018,125561,朗列特,86,35,2,3001,3,0,3,14,5,22,1,240.39
2017-2018,126953,马克森莫域,91,14,8,579,0,0,0,7,2,2,0,91.03
2017-2018,127137,马丁.曼多瓦尼,992,14,4,1018,1,0,1,5,1,16,1,93.13
2017-2018,127155,G.埃斯卡兰特,131,28,12,1560,1,0,1,24,6,16,0,184.31
2017-2018,127221,罗克,86,7,3,342,0,0,0,1,0,7,0,45.26
2017-2018,128540,艾路斯度,106,19,1,1598,3,0,3,11,5,10,2,134.84
2017-2018,128575,哈维尔.埃拉索,992,33,2,2540,4,0,4,32,13,24,0,213.46
2017-2018,128673,I.威廉士,92,38,7,2851,7,0,7,74,26,41,0,257.95
2017-2018,128950,M.阿拉姆巴里,98,27,1,2200,1,0,1,21,3,42,0,177.82
2017-2018,129002,L.苏亚雷斯,107,1,1,28,0,0,0,1,0,1,0,6.12
2017-2018,129054,凯文索尼,982,2,2,17,0,0,0,0,0,0,0,12.11
2017-2018,129086,大卫.西蒙,991,11,5,718,0,0,0,3,1,11,0,72.51
2017-2018,129147,博斯图,98,1,0,90,0,0,0,0,0,0,0,6.5
2017-2018,129158,达格马,98,36,0,3240,1,0,1,11,2,26,1,255.28
2017-2018,129330,A.托马斯,102,4,0,360,0,0,0,0,0,0,0,24.7
2017-2018,129382,J.瓦雷乔,82,7,0,630,0,0,0,0,0,2,0,48.37
2017-2018,130073,伊凡罗德里格兹,102,1,1,19,0,0,0,0,0,0,0,6.28
2017-2018,130583,埃尼斯巴尔齐,103,26,10,1579,9,0,9,37,13,24,0,176.41
2017-2018,131791,阿方索,137,33,6,2441,3,0,3,42,13,22,2,221.59
2017-2018,131824,A.可莱纳,982,34,1,2854,1,0,1,44,8,38,7,245.07
2017-2018,131846,马约拉尔,82,12,9,336,3,0,3,15,11,5,0,79.65
2017-2018,132551,塞拉诺,982,18,11,841,1,0,1,12,3,5,1,117.74
2017-2018,132802,塔纳,991,24,8,1552,1,0,1,14,6,36,1,155.07
2017-2018,133416,G.里维拉,137,19,2,1528,0,0,0,4,1,4,0,129.02
2017-2018,133532,阿克塞尔沃纳,109,1,0,90,0,0,0,0,0,0,0,7.06
2017-2018,134111,米克尔贝斯加,92,12,1,809,1,0,1,7,4,11,1,79.28
2017-2018,135238,伊尼戈,92,32,10,2103,0,0,0,17,5,12,0,212.73
2017-2018,135239,萨宾.梅里诺,92,11,7,370,0,0,0,8,3,6,0,68.25
2017-2018,135858,A.莫雷诺,96,9,1,632,0,0,0,14,2,18,0,56.96
2017-2018,136139,巴勃罗马费奥,982,33,1,2673,0,0,0,25,7,35,0,228.84
2017-2018,136177,赫莫索,100,22,0,1980,1,0,1,10,4,15,1,145.05
2017-2018,136179,耶雷,92,8,1,675,0,0,0,1,0,11,0,53.02
2017-2018,137297,托雷斯丹尼尔,137,16,2,1217,0,0,0,4,2,14,0,103.12
2017-2018,137380,布尔吉,137,23,11,1034,1,0,1,15,4,19,0,148.07
2017-2018,138465,弗纳尔斯,107,35,5,2623,3,0,3,51,14,31,3,241.08
2017-2018,138665,大卫.萨戈利奥,103,27,5,1793,1,0,1,33,10,28,1,178.3
2017-2018,138708,M.高美斯,114,36,1,3078,17,0,17,83,38,91,3,250.17
2017-2018,138885,米克尔奥耶查,106,35,4,2782,12,0,12,64,32,46,2,244.1
2017-2018,139091,登贝莱,84,17,5,960,3,0,3,21,10,18,2,121.17
2017-2018,139192,米高奥伦加,982,14,10,426,3,0,3,17,6,2,1,90.37
2017-2018,139473,N.吉尔,991,20,10,957,0,0,0,9,3,33,0,126
2017-2018,139545,伊度保,991,14,0,1215,0,0,0,20,3,45,1,96.42
2017-2018,139679,托雷斯,107,2,2,50,0,0,0,0,0,0,0,12.22
2017-2018,139686,瓦伦丁,93,3,1,158,0,0,0,2,0,1,0,18.91
2017-2018,139933,托尼·拉托,91,15,6,796,0,0,0,1,0,8,0,98.4
2017-2018,139935,菲比安,96,34,4,2662,3,0,3,40,17,35,3,243.15
2017-2018,140414,H.托莱多,991,15,9,617,0,0,0,3,1,10,0,94.85
2017-2018,140540,埃斯特班.洛伦,102,6,1,365,0,0,0,1,0,1,0,35.84
2017-2018,140601,特奥,82,13,3,962,0,0,0,2,2,15,0,90.48
2017-2018,141295,阿姆拉巴特,992,30,13,1645,2,0,2,36,18,36,0,190.78
2017-2018,141298,乔恩·包蒂斯塔,106,10,9,172,1,0,1,6,2,1,0,61.51
2017-2018,141339,E.莫尔,114,21,17,615,1,0,1,11,4,21,0,136.29
2017-2018,142006,C.巴拉甘,91,32,5,2346,1,0,1,45,17,42,0,214.57
2017-2018,142516,迪希奧,98,37,1,2884,3,0,3,43,14,62,1,245.81
2017-2018,142848,伊戈尔·祖比迪亚,106,24,8,1598,1,0,1,20,3,15,1,158.4
2017-2018,143534,雷斯波朗科,102,18,1,1432,1,0,1,12,3,3,0,116.8
2017-2018,143727,阿尔瓦罗·奥德里奥佐拉,106,35,3,2918,0,0,0,8,5,31,0,229.12
2017-2018,144336,安东尼,92,1,0,90,0,0,0,2,0,1,0,6.02
2017-2018,145102,哈基姆,82,9,1,757,2,0,2,4,3,6,0,66.45
2017-2018,145183,卢卡齐达内,82,1,0,90,0,0,0,0,0,0,0,6.17
2017-2018,145960,罗德里戈·埃尔南德斯,107,37,1,3228,1,0,1,32,10,36,3,267.07
2017-2018,145961,赫克托·埃尔南德斯,137,1,1,15,0,0,0,0,0,0,0,6.13
2017-2018,145978,A·希门尼斯,98,12,7,520,1,0,1,9,4,25,0,76.76
2017-2018,146176,伊万·阿莱霍,131,20,7,1065,1,0,1,13,3,43,0,132.96
2017-2018,146205,马克.罗,100,8,6,259,0,0,0,4,0,0,0,51.47
2017-2018,146749,N.约瑟夫,102,25,9,1597,4,0,4,46,12,33,0,162.47
2017-2018,146817,科克,103,1,0,90,0,0,0,0,0,0,0,6.44
2017-2018,147932,A.迭格斯,137,6,0,436,0,0,0,3,0,1,0,38.53
2017-2018,148965,波诺,982,30,0,2656,0,0,0,0,0,1,1,199.54
2017-2018,149997,梅内多,100,18,12,680,0,0,0,8,2,21,0,112.73
2017-2018,150308,塞尔吉奥.阿里,992,1,1,22,0,0,0,0,0,0,0,6.45
2017-2018,150368,达里奥·波韦达,107,1,1,1,0,0,0,0,0,0,0,6.04
2017-2018,150627,I.萨利尔奎,131,3,3,37,0,0,0,0,0,0,0,18.23
2017-2018,150648,亚历山大·波特,992,1,1,45,0,0,0,0,0,1,0,6.29
2017-2018,150668,马科斯纳瓦罗,100,19,9,1103,1,0,1,20,5,8,0,122.47
2017-2018,150726,贝尼托拉米雷斯,991,4,3,164,0,0,0,1,1,1,0,25.36
2017-2018,150728,埃里克埃雷拉,991,7,5,282,1,0,1,6,1,3,0,44.07
2017-2018,150747,马丁阿古拉甘,137,21,1,1829,0,0,0,3,1,18,1,146.36
2017-2018,151556,拉巴,107,21,7,1158,2,0,2,18,5,27,1,139.46
2017-2018,152050,乔恩盖特,106,4,4,50,0,0,0,0,0,1,0,24.23
2017-2018,152380,路易斯,982,15,14,295,0,0,0,10,5,8,0,92.39
2017-2018,152505,E.艾普斯托,93,3,3,94,0,0,0,0,0,1,0,17.94
2017-2018,152565,N.维达尔,91,7,2,446,1,0,1,3,2,4,0,48.24
2017-2018,153911,费德里科.瓦弗代,93,24,12,1220,0,0,0,18,4,3,0,151.48
2017-2018,157272,罗伯特墩,103,25,6,1904,0,0,0,8,1,6,0,162.12
2017-2018,157284,伊阿古科尔多瓦,92,29,11,1503,1,0,1,18,4,35,1,192.54
2017-2018,157285,努涅斯,92,33,0,2942,1,0,1,22,2,23,1,229
2017-2018,157307,佛浪,96,2,1,84,0,0,0,0,0,0,0,6.17
2017-2018,157380,楚城嚓,107,3,2,72,0,0,0,3,0,2,0,18.49
2017-2018,157652,布雷斯门德斯,114,19,7,956,1,0,1,22,9,15,0,122.15
2017-2018,158141,E.德米罗维奇,137,3,1,181,1,0,1,6,3,3,0,19.83
2017-2018,159404,弗兰西斯,96,12,3,908,1,0,1,4,1,27,0,82.96
2017-2018,159771,格罗萨贝尔,106,2,1,76,0,0,0,0,0,1,0,12.49
2017-2018,160030,格雷西亚,96,2,2,21,0,0,0,1,0,0,0,11.91
2017-2018,160296,拉米罗·格拉,107,4,4,67,0,0,0,0,0,2,0,24.05
2017-2018,160411,穆尔沙克,103,6,1,423,0,0,0,3,2,3,0,39.33
2017-2018,160749,乌斯,93,2,0,180,0,0,0,0,0,1,1,14.24
2017-2018,160940,C.卡尔德隆,98,1,1,3,0,0,0,0,0,0,0,6.2
2017-2018,160941,M.奥利维拉,98,2,1,101,1,0,1,1,1,0,0,13.75
2017-2018,160965,亚历杭德罗罗夫莱斯,102,1,0,90,0,0,0,0,0,1,0,6.49
2017-2018,161239,亚伦马田,100,22,1,1915,0,0,0,3,2,12,0,150.09
2017-2018,161482,埃里克,103,14,2,1039,0,0,0,2,2,12,0,91.84
2017-2018,161483,莫克塔尔瓦内,103,2,1,82,0,0,0,0,0,1,0,12.39
2017-2018,161655,冈萨雷斯,107,2,2,16,0,0,0,1,0,0,0,12.05
2017-2018,161671,A.鲁伊巴尔,96,2,2,7,0,0,0,0,0,0,0,11.88
2017-2018,161804,弗兰托雷斯,91,12,10,273,0,0,0,2,1,5,0,75.04
2017-2018,162053,A.施维拉,137,1,0,63,0,0,0,0,0,0,0,6.71
2017-2018,162054,A.埃斯特维,93,1,0,90,0,0,0,0,0,0,0,5.3
2017-2018,162100,M.诺多科伊,98,6,6,62,0,0,0,0,0,3,0,36.72
2017-2018,162152,力坡阿达梅斯,96,14,0,1190,2,0,2,13,4,16,0,99.19
2017-2018,162382,杰米. 塞拉利昂,992,2,2,26,0,0,0,0,0,0,0,12.31
2017-2018,162435,加西亚. 洛伦佐,96,15,3,1089,7,0,7,29,14,28,2,103.51
2017-2018,163249,维克多-洛佩斯,137,1,0,61,0,0,0,1,0,0,0,7.27
2017-2018,163471,若泽.劳拉,86,1,1,9,0,0,0,0,0,0,0,6.16
2017-2018,164384,C.阿尔贝,109,1,0,64,0,0,0,1,0,1,0,6.8
2017-2018,164386,A.墨雅,109,1,1,2,0,0,0,0,0,0,0,6.04
2017-2018,164404,乔.坎普尔,96,5,4,120,1,0,1,4,2,9,0,32.56
2017-2018,164462,维迪奇.罗嘉,114,5,4,161,0,0,0,1,1,3,0,31.93
2017-2018,164463,威廉若泽,106,8,1,651,1,1,2,16,5,8,0,54.85
2017-2018,164464,内托,91,5,0,450,0,0,0,0,0,0,1,33.25
2017-2018,164569,鲁基克,103,5,2,292,0,0,0,1,1,8,0,33.46
2017-2018,164666,阿里怀特,103,1,0,78,0,0,0,0,0,0,0,6.48
2017-2018,165008,萨内,109,1,1,64,0,0,0,1,1,1,0,6.15
2017-2018,165162,阿尔伯托雷东多,98,1,0,90,0,0,0,0,0,0,0,6.81
2017-2018,165172,米格尔天使鲁比奥,98,1,1,28,0,0,0,0,0,1,0,6.35
2017-2018,165302,穆贾迪斯萨迪克,93,2,1,105,0,0,0,0,0,0,0,12.58
2017-2018,165457,克鲁兹.胡安,102,1,1,6,0,0,0,0,0,0,0,6.45
